time,TrialID,numTargs,HA0_engagement,HA1_engagement
1146.682,17.0,4.0,-1,-1
1146.702,17.0,4.0,-1,-1
1146.722,17.0,4.0,-1,-1
1146.742,17.0,4.0,-1,-1
1146.762,17.0,4.0,-1,-1
1146.782,17.0,4.0,-1,-1
1146.802,17.0,4.0,-1,-1
1146.822,17.0,4.0,-1,-1
1146.842,17.0,4.0,-1,-1
1146.862,17.0,4.0,-1,-1
1146.882,17.0,4.0,-1,-1
1146.902,17.0,4.0,-1,-1
1146.922,17.0,4.0,-1,-1
1146.942,17.0,4.0,-1,-1
1146.962,17.0,4.0,-1,-1
1146.982,17.0,4.0,-1,-1
1147.002,17.0,4.0,-1,-1
1147.022,17.0,4.0,-1,-1
1147.042,17.0,4.0,-1,-1
1147.062,17.0,4.0,-1,-1
1147.082,17.0,4.0,-1,-1
1147.102,17.0,4.0,-1,-1
1147.122,17.0,4.0,-1,-1
1147.142,17.0,4.0,-1,-1
1147.162,17.0,4.0,-1,-1
1147.182,17.0,4.0,-1,-1
1147.202,17.0,4.0,-1,-1
1147.222,17.0,4.0,-1,-1
1147.242,17.0,4.0,-1,-1
1147.262,17.0,4.0,-1,-1
1147.282,17.0,4.0,-1,-1
1147.302,17.0,4.0,-1,-1
1147.322,17.0,4.0,-1,-1
1147.342,17.0,4.0,-1,-1
1147.362,17.0,4.0,-1,-1
1147.382,17.0,4.0,-1,-1
1147.402,17.0,4.0,-1,-1
1147.422,17.0,4.0,-1,-1
1147.442,17.0,4.0,-1,-1
1147.462,17.0,4.0,-1,-1
1147.482,17.0,4.0,-1,-1
1147.502,17.0,4.0,-1,-1
1147.522,17.0,4.0,-1,-1
1147.542,17.0,4.0,-1,-1
1147.562,17.0,4.0,-1,-1
1147.582,17.0,4.0,-1,-1
1147.602,17.0,4.0,-1,-1
1147.622,17.0,4.0,-1,-1
1147.642,17.0,4.0,-1,-1
1147.662,17.0,4.0,-1,-1
1147.682,17.0,4.0,-1,-1
1147.702,17.0,4.0,-1,-1
1147.722,17.0,4.0,-1,-1
1147.742,17.0,4.0,-1,-1
1147.762,17.0,4.0,-1,-1
1147.782,17.0,4.0,-1,-1
1147.802,17.0,4.0,-1,-1
1147.822,17.0,4.0,-1,-1
1147.842,17.0,4.0,-1,-1
1147.862,17.0,4.0,-1,-1
1147.882,17.0,4.0,-1,-1
1147.902,17.0,4.0,-1,-1
1147.922,17.0,4.0,-1,-1
1147.942,17.0,4.0,-1,-1
1147.962,17.0,4.0,-1,-1
1147.982,17.0,4.0,-1,-1
1148.002,17.0,4.0,-1,-1
1148.022,17.0,4.0,-1,-1
1148.042,17.0,4.0,-1,-1
1148.062,17.0,4.0,-1,-1
1148.082,17.0,4.0,-1,-1
1148.102,17.0,4.0,-1,-1
1148.122,17.0,4.0,-1,-1
1148.142,17.0,4.0,-1,-1
1148.162,17.0,4.0,-1,-1
1148.182,17.0,4.0,-1,-1
1148.202,17.0,4.0,-1,-1
1148.222,17.0,4.0,-1,-1
1148.242,17.0,4.0,-1,-1
1148.262,17.0,4.0,-1,-1
1148.282,17.0,4.0,-1,-1
1148.302,17.0,4.0,-1,-1
1148.322,17.0,4.0,-1,-1
1148.342,17.0,4.0,-1,-1
1148.362,17.0,4.0,-1,-1
1148.382,17.0,4.0,-1,-1
1148.402,17.0,4.0,-1,-1
1148.422,17.0,4.0,-1,-1
1148.442,17.0,4.0,-1,-1
1148.462,17.0,4.0,-1,-1
1148.482,17.0,4.0,-1,-1
1148.502,17.0,4.0,-1,-1
1148.522,17.0,4.0,-1,-1
1148.542,17.0,4.0,-1,-1
1148.562,17.0,4.0,-1,-1
1148.582,17.0,4.0,-1,-1
1148.602,17.0,4.0,-1,-1
1148.622,17.0,4.0,-1,-1
1148.642,17.0,4.0,-1,-1
1148.662,17.0,4.0,-1,-1
1148.682,17.0,4.0,-1,-1
1148.702,17.0,4.0,-1,-1
1148.722,17.0,4.0,-1,-1
1148.742,17.0,4.0,-1,-1
1148.762,17.0,4.0,-1,-1
1148.782,17.0,4.0,-1,-1
1148.802,17.0,4.0,-1,-1
1148.822,17.0,4.0,-1,-1
1148.842,17.0,4.0,-1,-1
1148.862,17.0,4.0,-1,-1
1148.882,17.0,4.0,-1,-1
1148.902,17.0,4.0,-1,-1
1148.922,17.0,4.0,-1,-1
1148.942,17.0,4.0,-1,-1
1148.962,17.0,4.0,-1,-1
1148.982,17.0,4.0,-1,-1
1149.002,17.0,4.0,-1,-1
1149.022,17.0,4.0,-1,-1
1149.042,17.0,4.0,-1,-1
1149.062,17.0,4.0,-1,-1
1149.082,17.0,4.0,-1,-1
1149.102,17.0,4.0,-1,-1
1149.122,17.0,4.0,-1,-1
1149.142,17.0,4.0,-1,-1
1149.162,17.0,4.0,-1,-1
1149.182,17.0,4.0,-1,-1
1149.202,17.0,4.0,-1,-1
1149.222,17.0,4.0,-1,-1
1149.242,17.0,4.0,-1,-1
1149.262,17.0,4.0,-1,-1
1149.282,17.0,4.0,-1,-1
1149.302,17.0,4.0,-1,-1
1149.322,17.0,4.0,-1,-1
1149.342,17.0,4.0,-1,-1
1149.362,17.0,4.0,-1,-1
1149.382,17.0,4.0,-1,-1
1149.402,17.0,4.0,-1,-1
1149.422,17.0,4.0,-1,-1
1149.442,17.0,4.0,-1,-1
1149.462,17.0,4.0,-1,-1
1149.482,17.0,4.0,-1,-1
1149.502,17.0,4.0,-1,-1
1149.522,17.0,4.0,-1,-1
1149.542,17.0,4.0,-1,-1
1149.562,17.0,4.0,-1,-1
1149.582,17.0,4.0,-1,-1
1149.602,17.0,4.0,-1,-1
1149.622,17.0,4.0,-1,-1
1149.642,17.0,4.0,-1,-1
1149.662,17.0,4.0,-1,-1
1149.682,17.0,4.0,-1,-1
1149.702,17.0,4.0,-1,-1
1149.722,17.0,4.0,-1,-1
1149.742,17.0,4.0,-1,-1
1149.762,17.0,4.0,-1,-1
1149.782,17.0,4.0,-1,-1
1149.802,17.0,4.0,-1,-1
1149.822,17.0,4.0,-1,-1
1149.842,17.0,4.0,-1,-1
1149.862,17.0,4.0,-1,-1
1149.882,17.0,4.0,-1,-1
1149.902,17.0,4.0,-1,-1
1149.922,17.0,4.0,-1,-1
1149.942,17.0,4.0,-1,-1
1149.962,17.0,4.0,-1,-1
1149.982,17.0,4.0,-1,-1
1150.002,17.0,4.0,-1,-1
1150.022,17.0,4.0,-1,-1
1150.042,17.0,4.0,-1,-1
1150.062,17.0,4.0,-1,-1
1150.082,17.0,4.0,-1,-1
1150.102,17.0,4.0,-1,-1
1150.122,17.0,4.0,-1,-1
1150.142,17.0,4.0,-1,-1
1150.162,17.0,4.0,-1,-1
1150.182,17.0,4.0,-1,-1
1150.202,17.0,4.0,-1,-1
1150.222,17.0,4.0,-1,-1
1150.242,17.0,4.0,-1,-1
1150.262,17.0,4.0,-1,-1
1150.282,17.0,4.0,-1,-1
1150.302,17.0,4.0,-1,-1
1150.322,17.0,4.0,-1,-1
1150.342,17.0,4.0,-1,-1
1150.362,17.0,4.0,-1,-1
1150.382,17.0,4.0,-1,-1
1150.402,17.0,4.0,-1,-1
1150.422,17.0,4.0,-1,-1
1150.442,17.0,4.0,-1,-1
1150.462,17.0,4.0,-1,-1
1150.482,17.0,4.0,-1,-1
1150.502,17.0,4.0,-1,-1
1150.522,17.0,4.0,-1,-1
1150.542,17.0,4.0,-1,-1
1150.562,17.0,4.0,-1,-1
1150.582,17.0,4.0,-1,-1
1150.602,17.0,4.0,-1,-1
1150.622,17.0,4.0,-1,-1
1150.642,17.0,4.0,-1,-1
1150.662,17.0,4.0,-1,-1
1150.682,17.0,4.0,-1,-1
1150.702,17.0,4.0,-1,-1
1150.722,17.0,4.0,-1,-1
1150.742,17.0,4.0,-1,-1
1150.762,17.0,4.0,-1,-1
1150.782,17.0,4.0,-1,-1
1150.802,17.0,4.0,-1,-1
1150.822,17.0,4.0,-1,-1
1150.842,17.0,4.0,-1,-1
1150.862,17.0,4.0,-1,-1
1150.882,17.0,4.0,-1,-1
1150.902,17.0,4.0,-1,-1
1150.922,17.0,4.0,-1,-1
1150.942,17.0,4.0,-1,-1
1150.962,17.0,4.0,-1,-1
1150.982,17.0,4.0,-1,-1
1151.002,17.0,4.0,-1,-1
1151.022,17.0,4.0,-1,-1
1151.042,17.0,4.0,-1,-1
1151.062,17.0,4.0,-1,-1
1151.082,17.0,4.0,-1,-1
1151.102,17.0,4.0,-1,-1
1151.122,17.0,4.0,-1,-1
1151.142,17.0,4.0,-1,-1
1151.162,17.0,4.0,-1,-1
1151.182,17.0,4.0,-1,-1
1151.202,17.0,4.0,-1,-1
1151.222,17.0,4.0,-1,-1
1151.242,17.0,4.0,-1,-1
1151.262,17.0,4.0,-1,-1
1151.282,17.0,4.0,-1,-1
1151.302,17.0,4.0,-1,-1
1151.322,17.0,4.0,-1,-1
1151.342,17.0,4.0,-1,-1
1151.362,17.0,4.0,-1,-1
1151.382,17.0,4.0,-1,-1
1151.402,17.0,4.0,-1,-1
1151.422,17.0,4.0,-1,-1
1151.442,17.0,4.0,-1,-1
1151.462,17.0,4.0,-1,-1
1151.482,17.0,4.0,-1,-1
1151.502,17.0,4.0,-1,-1
1151.522,17.0,4.0,-1,-1
1151.542,17.0,4.0,-1,-1
1151.562,17.0,4.0,-1,-1
1151.582,17.0,4.0,-1,-1
1151.602,17.0,4.0,-1,-1
1151.622,17.0,4.0,-1,-1
1151.642,17.0,4.0,-1,-1
1151.662,17.0,4.0,-1,-1
1151.682,17.0,4.0,-1,-1
1151.702,17.0,4.0,-1,-1
1151.722,17.0,4.0,-1,-1
1151.742,17.0,4.0,-1,-1
1151.762,17.0,4.0,-1,-1
1151.782,17.0,4.0,-1,-1
1151.802,17.0,4.0,-1,-1
1151.822,17.0,4.0,-1,-1
1151.842,17.0,4.0,-1,-1
1151.862,17.0,4.0,-1,-1
1151.882,17.0,4.0,-1,-1
1151.902,17.0,4.0,-1,-1
1151.922,17.0,4.0,-1,-1
1151.942,17.0,4.0,-1,-1
1151.962,17.0,4.0,-1,-1
1151.982,17.0,4.0,-1,-1
1152.002,17.0,4.0,-1,-1
1152.022,17.0,4.0,-1,-1
1152.042,17.0,4.0,-1,-1
1152.062,17.0,4.0,-1,-1
1152.082,17.0,4.0,-1,-1
1152.102,17.0,4.0,-1,-1
1152.122,17.0,4.0,-1,-1
1152.142,17.0,4.0,-1,-1
1152.162,17.0,4.0,-1,-1
1152.182,17.0,4.0,-1,-1
1152.202,17.0,4.0,-1,-1
1152.222,17.0,4.0,-1,-1
1152.242,17.0,4.0,-1,-1
1152.262,17.0,4.0,-1,-1
1152.282,17.0,4.0,-1,-1
1152.302,17.0,4.0,-1,-1
1152.322,17.0,4.0,-1,-1
1152.342,17.0,4.0,-1,-1
1152.362,17.0,4.0,-1,-1
1152.382,17.0,4.0,-1,-1
1152.402,17.0,4.0,-1,-1
1152.422,17.0,4.0,-1,-1
1152.442,17.0,4.0,-1,-1
1152.462,17.0,4.0,-1,-1
1152.482,17.0,4.0,-1,-1
1152.502,17.0,4.0,-1,-1
1152.522,17.0,4.0,-1,-1
1152.542,17.0,4.0,-1,-1
1152.562,17.0,4.0,-1,-1
1152.582,17.0,4.0,-1,-1
1152.602,17.0,4.0,-1,-1
1152.622,17.0,4.0,-1,-1
1152.642,17.0,4.0,-1,-1
1152.662,17.0,4.0,-1,-1
1152.682,17.0,4.0,-1,-1
1152.702,17.0,4.0,-1,-1
1152.722,17.0,4.0,-1,-1
1152.742,17.0,4.0,-1,-1
1152.762,17.0,4.0,-1,-1
1152.782,17.0,4.0,-1,-1
1152.802,17.0,4.0,-1,-1
1152.822,17.0,4.0,-1,-1
1152.842,17.0,4.0,-1,-1
1152.862,17.0,4.0,-1,-1
1152.882,17.0,4.0,-1,-1
1152.902,17.0,4.0,-1,-1
1152.922,17.0,4.0,-1,-1
1152.942,17.0,4.0,-1,-1
1152.962,17.0,4.0,-1,-1
1152.982,17.0,4.0,-1,-1
1153.002,17.0,4.0,-1,-1
1153.022,17.0,4.0,-1,-1
1153.042,17.0,4.0,-1,-1
1153.062,17.0,4.0,-1,-1
1153.082,17.0,4.0,-1,-1
1153.102,17.0,4.0,-1,-1
1153.122,17.0,4.0,-1,-1
1153.142,17.0,4.0,-1,-1
1153.162,17.0,4.0,-1,-1
1153.182,17.0,4.0,-1,-1
1153.202,17.0,4.0,-1,-1
1153.222,17.0,4.0,-1,-1
1153.242,17.0,4.0,-1,-1
1153.262,17.0,4.0,-1,-1
1153.282,17.0,4.0,-1,-1
1153.302,17.0,4.0,-1,-1
1153.322,17.0,4.0,-1,-1
1153.342,17.0,4.0,-1,-1
1153.362,17.0,4.0,-1,-1
1153.382,17.0,4.0,-1,-1
1153.402,17.0,4.0,-1,-1
1153.422,17.0,4.0,-1,-1
1153.442,17.0,4.0,-1,-1
1153.462,17.0,4.0,-1,-1
1153.482,17.0,4.0,-1,-1
1153.502,17.0,4.0,-1,-1
1153.522,17.0,4.0,-1,-1
1153.542,17.0,4.0,-1,-1
1153.562,17.0,4.0,-1,-1
1153.582,17.0,4.0,-1,-1
1153.602,17.0,4.0,-1,-1
1153.622,17.0,4.0,-1,-1
1153.642,17.0,4.0,-1,-1
1153.662,17.0,4.0,-1,-1
1153.682,17.0,4.0,-1,-1
1153.702,17.0,4.0,-1,-1
1153.722,17.0,4.0,-1,-1
1153.742,17.0,4.0,-1,-1
1153.762,17.0,4.0,-1,-1
1153.782,17.0,4.0,-1,-1
1153.802,17.0,4.0,-1,-1
1153.822,17.0,4.0,-1,-1
1153.842,17.0,4.0,-1,-1
1153.862,17.0,4.0,-1,-1
1153.882,17.0,4.0,-1,-1
1153.902,17.0,4.0,-1,-1
1153.922,17.0,4.0,-1,-1
1153.942,17.0,4.0,-1,-1
1153.962,17.0,4.0,-1,-1
1153.982,17.0,4.0,-1,-1
1154.002,17.0,4.0,-1,-1
1154.022,17.0,4.0,-1,-1
1154.042,17.0,4.0,-1,-1
1154.062,17.0,4.0,-1,-1
1154.082,17.0,4.0,-1,-1
1154.102,17.0,4.0,-1,-1
1154.122,17.0,4.0,-1,-1
1154.142,17.0,4.0,-1,-1
1154.162,17.0,4.0,-1,-1
1154.182,17.0,4.0,-1,-1
1154.202,17.0,4.0,-1,-1
1154.222,17.0,4.0,-1,-1
1154.242,17.0,4.0,-1,-1
1154.262,17.0,4.0,-1,-1
1154.282,17.0,4.0,-1,-1
1154.302,17.0,4.0,-1,-1
1154.322,17.0,4.0,-1,-1
1154.342,17.0,4.0,-1,-1
1154.362,17.0,4.0,-1,-1
1154.382,17.0,4.0,-1,-1
1154.402,17.0,4.0,-1,-1
1154.422,17.0,4.0,-1,-1
1154.442,17.0,4.0,-1,-1
1154.462,17.0,4.0,-1,-1
1154.482,17.0,4.0,-1,-1
1154.502,17.0,4.0,-1,-1
1154.522,17.0,4.0,-1,-1
1154.542,17.0,4.0,-1,-1
1154.562,17.0,4.0,-1,-1
1154.582,17.0,4.0,-1,-1
1154.602,17.0,4.0,-1,-1
1154.622,17.0,4.0,-1,-1
1154.642,17.0,4.0,-1,-1
1154.662,17.0,4.0,-1,-1
1154.682,17.0,4.0,-1,-1
1154.702,17.0,4.0,-1,-1
1154.722,17.0,4.0,-1,-1
1154.742,17.0,4.0,-1,-1
1154.762,17.0,4.0,-1,-1
1154.782,17.0,4.0,-1,-1
1154.802,17.0,4.0,-1,-1
1154.822,17.0,4.0,-1,-1
1154.842,17.0,4.0,-1,-1
1154.862,17.0,4.0,-1,-1
1154.882,17.0,4.0,-1,-1
1154.902,17.0,4.0,-1,-1
1154.922,17.0,4.0,-1,-1
1154.942,17.0,4.0,-1,-1
1154.962,17.0,4.0,-1,-1
1154.982,17.0,4.0,-1,-1
1155.002,17.0,4.0,-1,-1
1155.022,17.0,4.0,-1,-1
1155.042,17.0,4.0,-1,-1
1155.062,17.0,4.0,-1,-1
1155.082,17.0,4.0,-1,-1
1155.102,17.0,4.0,-1,-1
1155.122,17.0,4.0,-1,-1
1155.142,17.0,4.0,-1,-1
1155.162,17.0,4.0,-1,-1
1155.182,17.0,4.0,-1,-1
1155.202,17.0,4.0,-1,-1
1155.222,17.0,4.0,-1,-1
1155.242,17.0,4.0,-1,-1
1155.262,17.0,4.0,-1,-1
1155.282,17.0,4.0,-1,-1
1155.302,17.0,4.0,-1,-1
1155.322,17.0,4.0,-1,-1
1155.342,17.0,4.0,-1,-1
1155.362,17.0,4.0,-1,-1
1155.382,17.0,4.0,-1,-1
1155.402,17.0,4.0,-1,-1
1155.422,17.0,4.0,-1,-1
1155.442,17.0,4.0,-1,-1
1155.462,17.0,4.0,-1,-1
1155.482,17.0,4.0,-1,-1
1155.502,17.0,4.0,-1,-1
1155.522,17.0,4.0,-1,-1
1155.542,17.0,4.0,-1,-1
1155.562,17.0,4.0,-1,-1
1155.582,17.0,4.0,-1,-1
1155.602,17.0,4.0,-1,-1
1155.622,17.0,4.0,-1,-1
1155.642,17.0,4.0,-1,-1
1155.662,17.0,4.0,-1,-1
1155.682,17.0,4.0,-1,-1
1155.702,17.0,4.0,-1,-1
1155.722,17.0,4.0,-1,-1
1155.742,17.0,4.0,-1,-1
1155.762,17.0,4.0,-1,-1
1155.782,17.0,4.0,-1,-1
1155.802,17.0,4.0,-1,-1
1155.822,17.0,4.0,-1,-1
1155.842,17.0,4.0,-1,-1
1155.862,17.0,4.0,-1,-1
1155.882,17.0,4.0,-1,-1
1155.902,17.0,4.0,-1,-1
1155.922,17.0,4.0,-1,-1
1155.942,17.0,4.0,-1,-1
1155.962,17.0,4.0,-1,-1
1155.982,17.0,4.0,-1,-1
1156.002,17.0,4.0,-1,-1
1156.022,17.0,4.0,-1,-1
1156.042,17.0,4.0,-1,-1
1156.062,17.0,4.0,-1,-1
1156.082,17.0,4.0,-1,-1
1156.102,17.0,4.0,-1,-1
1156.122,17.0,4.0,-1,-1
1156.142,17.0,4.0,-1,-1
1156.162,17.0,4.0,-1,-1
1156.182,17.0,4.0,-1,-1
1156.202,17.0,4.0,-1,-1
1156.222,17.0,4.0,-1,-1
1156.242,17.0,4.0,-1,-1
1156.262,17.0,4.0,-1,-1
1156.282,17.0,4.0,-1,-1
1156.302,17.0,4.0,-1,-1
1156.322,17.0,4.0,-1,-1
1156.342,17.0,4.0,-1,-1
1156.362,17.0,4.0,-1,-1
1156.382,17.0,4.0,-1,-1
1156.402,17.0,4.0,-1,-1
1156.422,17.0,4.0,-1,-1
1156.442,17.0,4.0,-1,-1
1156.462,17.0,4.0,-1,-1
1156.482,17.0,4.0,-1,-1
1156.502,17.0,4.0,-1,-1
1156.522,17.0,4.0,-1,-1
1156.542,17.0,4.0,-1,-1
1156.562,17.0,4.0,-1,-1
1156.582,17.0,4.0,-1,-1
1156.602,17.0,4.0,-1,-1
1156.622,17.0,4.0,-1,-1
1156.642,17.0,4.0,-1,-1
1156.662,17.0,4.0,-1,-1
1156.682,17.0,4.0,-1,-1
1156.702,17.0,4.0,-1,-1
1156.722,17.0,4.0,-1,-1
1156.742,17.0,4.0,-1,-1
1156.762,17.0,4.0,-1,-1
1156.782,17.0,4.0,-1,-1
1156.802,17.0,4.0,-1,-1
1156.822,17.0,4.0,-1,-1
1156.842,17.0,4.0,-1,-1
1156.862,17.0,4.0,-1,-1
1156.882,17.0,4.0,-1,-1
1156.902,17.0,4.0,-1,-1
1156.922,17.0,4.0,-1,-1
1156.942,17.0,4.0,-1,-1
1156.962,17.0,4.0,-1,-1
1156.982,17.0,4.0,-1,-1
1157.002,17.0,4.0,-1,-1
1157.022,17.0,4.0,-1,-1
1157.042,17.0,4.0,-1,-1
1157.062,17.0,4.0,-1,-1
1157.082,17.0,4.0,-1,-1
1157.102,17.0,4.0,-1,-1
1157.122,17.0,4.0,-1,-1
1157.142,17.0,4.0,-1,-1
1157.162,17.0,4.0,-1,-1
1157.182,17.0,4.0,-1,-1
1157.202,17.0,4.0,-1,-1
1157.222,17.0,4.0,-1,-1
1157.242,17.0,4.0,-1,-1
1157.262,17.0,4.0,-1,-1
1157.282,17.0,4.0,-1,-1
1157.302,17.0,4.0,-1,-1
1157.322,17.0,4.0,-1,-1
1157.342,17.0,4.0,-1,-1
1157.362,17.0,4.0,-1,-1
1157.382,17.0,4.0,-1,-1
1157.402,17.0,4.0,-1,-1
1157.422,17.0,4.0,-1,-1
1157.442,17.0,4.0,-1,-1
1157.462,17.0,4.0,-1,-1
1157.482,17.0,4.0,-1,-1
1157.502,17.0,4.0,-1,-1
1157.522,17.0,4.0,-1,-1
1157.542,17.0,4.0,-1,-1
1157.562,17.0,4.0,-1,-1
1157.582,17.0,4.0,-1,-1
1157.602,17.0,4.0,-1,-1
1157.622,17.0,4.0,-1,-1
1157.642,17.0,4.0,-1,-1
1157.662,17.0,4.0,-1,-1
1157.682,17.0,4.0,-1,-1
1157.702,17.0,4.0,-1,-1
1157.722,17.0,4.0,-1,-1
1157.742,17.0,4.0,-1,-1
1157.762,17.0,4.0,-1,-1
1157.782,17.0,4.0,-1,-1
1157.802,17.0,4.0,-1,-1
1157.822,17.0,4.0,-1,-1
1157.842,17.0,4.0,-1,-1
1157.862,17.0,4.0,-1,-1
1157.882,17.0,4.0,-1,-1
1157.902,17.0,4.0,-1,-1
1157.922,17.0,4.0,-1,-1
1157.942,17.0,4.0,-1,-1
1157.962,17.0,4.0,-1,-1
1157.982,17.0,4.0,-1,-1
1158.002,17.0,4.0,-1,-1
1158.022,17.0,4.0,-1,-1
1158.042,17.0,4.0,-1,-1
1158.062,17.0,4.0,-1,-1
1158.082,17.0,4.0,-1,-1
1158.102,17.0,4.0,-1,-1
1158.122,17.0,4.0,-1,-1
1158.142,17.0,4.0,-1,-1
1158.162,17.0,4.0,-1,-1
1158.182,17.0,4.0,-1,-1
1158.202,17.0,4.0,-1,-1
1158.222,17.0,4.0,-1,-1
1158.242,17.0,4.0,-1,-1
1158.262,17.0,4.0,-1,-1
1158.282,17.0,4.0,-1,-1
1158.302,17.0,4.0,-1,-1
1158.322,17.0,4.0,-1,-1
1158.342,17.0,4.0,-1,-1
1158.362,17.0,4.0,-1,-1
1158.382,17.0,4.0,-1,-1
1158.402,17.0,4.0,-1,-1
1158.422,17.0,4.0,-1,-1
1158.442,17.0,4.0,-1,-1
1158.462,17.0,4.0,-1,-1
1158.482,17.0,4.0,-1,-1
1158.502,17.0,4.0,-1,-1
1158.522,17.0,4.0,-1,-1
1158.542,17.0,4.0,-1,-1
1158.562,17.0,4.0,-1,-1
1158.582,17.0,4.0,-1,-1
1158.602,17.0,4.0,-1,-1
1158.622,17.0,4.0,-1,-1
1158.642,17.0,4.0,-1,-1
1158.662,17.0,4.0,-1,-1
1158.682,17.0,4.0,-1,-1
1158.702,17.0,4.0,-1,-1
1158.722,17.0,4.0,-1,-1
1158.742,17.0,4.0,-1,-1
1158.762,17.0,4.0,-1,-1
1158.782,17.0,4.0,-1,-1
1158.802,17.0,4.0,-1,-1
1158.822,17.0,4.0,-1,-1
1158.842,17.0,4.0,-1,-1
1158.862,17.0,4.0,-1,-1
1158.882,17.0,4.0,-1,-1
1158.902,17.0,4.0,-1,-1
1158.922,17.0,4.0,-1,-1
1158.942,17.0,4.0,-1,-1
1158.962,17.0,4.0,-1,-1
1158.982,17.0,4.0,-1,-1
1159.002,17.0,4.0,-1,-1
1159.022,17.0,4.0,-1,-1
1159.042,17.0,4.0,-1,-1
1159.062,17.0,4.0,-1,-1
1159.082,17.0,4.0,-1,-1
1159.102,17.0,4.0,-1,-1
1159.122,17.0,4.0,-1,-1
1159.142,17.0,4.0,-1,-1
1159.162,17.0,4.0,-1,-1
1159.182,17.0,4.0,-1,-1
1159.202,17.0,4.0,-1,-1
1159.222,17.0,4.0,-1,-1
1159.242,17.0,4.0,-1,-1
1159.262,17.0,4.0,-1,-1
1159.282,17.0,4.0,-1,-1
1159.302,17.0,4.0,-1,-1
1159.322,17.0,4.0,1,-1
1159.342,17.0,4.0,1,-1
1159.362,17.0,4.0,1,-1
1159.382,17.0,4.0,1,-1
1159.402,17.0,4.0,1,-1
1159.422,17.0,4.0,1,-1
1159.442,17.0,4.0,1,-1
1159.462,17.0,4.0,1,-1
1159.482,17.0,4.0,1,-1
1159.502,17.0,4.0,1,-1
1159.522,17.0,4.0,1,-1
1159.542,17.0,4.0,1,-1
1159.562,17.0,4.0,1,-1
1159.582,17.0,4.0,1,-1
1159.602,17.0,4.0,1,-1
1159.622,17.0,4.0,1,-1
1159.642,17.0,4.0,1,-1
1159.662,17.0,4.0,1,-1
1159.682,17.0,4.0,1,-1
1159.702,17.0,4.0,1,-1
1159.722,17.0,4.0,1,-1
1159.742,17.0,4.0,1,-1
1159.762,17.0,4.0,1,-1
1159.782,17.0,4.0,1,-1
1159.802,17.0,4.0,1,-1
1159.822,17.0,4.0,1,-1
1159.842,17.0,4.0,1,-1
1159.862,17.0,4.0,1,-1
1159.882,17.0,4.0,1,-1
1159.902,17.0,4.0,1,-1
1159.922,17.0,4.0,1,-1
1159.942,17.0,4.0,1,-1
1159.962,17.0,4.0,1,-1
1159.982,17.0,4.0,1,-1
1160.002,17.0,4.0,1,-1
1160.022,17.0,4.0,1,-1
1160.042,17.0,4.0,1,-1
1160.062,17.0,4.0,1,-1
1160.082,17.0,4.0,1,-1
1160.102,17.0,4.0,1,-1
1160.122,17.0,4.0,1,-1
1160.142,17.0,4.0,1,-1
1160.162,17.0,4.0,1,-1
1160.182,17.0,4.0,1,-1
1160.202,17.0,4.0,1,-1
1160.222,17.0,4.0,1,-1
1160.242,17.0,4.0,1,-1
1160.262,17.0,4.0,1,-1
1160.282,17.0,4.0,1,-1
1160.302,17.0,4.0,1,-1
1160.322,17.0,4.0,1,-1
1160.342,17.0,4.0,1,-1
1160.362,17.0,4.0,1,-1
1160.382,17.0,4.0,1,-1
1160.402,17.0,4.0,1,-1
1160.422,17.0,4.0,1,-1
1160.442,17.0,4.0,1,-1
1160.462,17.0,4.0,1,-1
1160.482,17.0,4.0,1,-1
1160.502,17.0,4.0,1,-1
1160.522,17.0,4.0,1,-1
1160.542,17.0,4.0,1,-1
1160.562,17.0,4.0,1,-1
1160.582,17.0,4.0,1,-1
1160.602,17.0,4.0,1,-1
1160.622,17.0,4.0,1,-1
1160.642,17.0,4.0,1,-1
1160.662,17.0,4.0,1,-1
1160.682,17.0,4.0,1,-1
1160.702,17.0,4.0,1,-1
1160.722,17.0,4.0,1,-1
1160.742,17.0,4.0,1,-1
1160.762,17.0,4.0,1,-1
1160.782,17.0,4.0,1,-1
1160.802,17.0,4.0,1,-1
1160.822,17.0,4.0,1,-1
1160.842,17.0,4.0,1,-1
1160.862,17.0,4.0,1,-1
1160.882,17.0,4.0,1,-1
1160.902,17.0,4.0,1,-1
1160.922,17.0,4.0,1,-1
1160.942,17.0,4.0,1,-1
1160.962,17.0,4.0,1,-1
1160.982,17.0,4.0,1,-1
1161.002,17.0,4.0,1,-1
1161.022,17.0,4.0,1,-1
1161.042,17.0,4.0,1,-1
1161.062,17.0,4.0,1,-1
1161.082,17.0,4.0,1,-1
1161.102,17.0,4.0,1,-1
1161.122,17.0,4.0,1,-1
1161.142,17.0,4.0,1,-1
1161.162,17.0,4.0,1,-1
1161.182,17.0,4.0,1,-1
1161.202,17.0,4.0,1,-1
1161.222,17.0,4.0,1,-1
1161.242,17.0,4.0,1,-1
1161.262,17.0,4.0,1,-1
1161.282,17.0,4.0,1,-1
1161.302,17.0,4.0,1,-1
1161.322,17.0,4.0,1,-1
1161.342,17.0,4.0,1,-1
1161.362,17.0,4.0,1,-1
1161.382,17.0,4.0,1,-1
1161.402,17.0,4.0,1,-1
1161.422,17.0,4.0,1,-1
1161.442,17.0,4.0,1,-1
1161.462,17.0,4.0,1,-1
1161.482,17.0,4.0,1,-1
1161.502,17.0,4.0,1,-1
1161.522,17.0,4.0,1,-1
1161.542,17.0,4.0,1,-1
1161.562,17.0,4.0,1,-1
1161.582,17.0,4.0,1,-1
1161.602,17.0,4.0,1,-1
1161.622,17.0,4.0,1,-1
1161.642,17.0,4.0,1,-1
1161.662,17.0,4.0,1,-1
1161.682,17.0,4.0,1,-1
1161.702,17.0,4.0,1,-1
1161.722,17.0,4.0,1,-1
1161.742,17.0,4.0,1,-1
1161.762,17.0,4.0,1,-1
1161.782,17.0,4.0,1,-1
1161.802,17.0,4.0,1,-1
1161.822,17.0,4.0,1,-1
1161.842,17.0,4.0,1,-1
1161.862,17.0,4.0,1,-1
1161.882,17.0,4.0,1,-1
1161.902,17.0,4.0,1,-1
1161.922,17.0,4.0,1,-1
1161.942,17.0,4.0,1,-1
1161.962,17.0,4.0,1,-1
1161.982,17.0,4.0,1,-1
1162.002,17.0,4.0,1,-1
1162.022,17.0,4.0,1,-1
1162.042,17.0,4.0,1,-1
1162.062,17.0,4.0,1,-1
1162.082,17.0,4.0,1,-1
1162.102,17.0,4.0,1,-1
1162.122,17.0,4.0,1,-1
1162.142,17.0,4.0,1,-1
1162.162,17.0,4.0,1,-1
1162.182,17.0,4.0,1,-1
1162.202,17.0,4.0,1,-1
1162.222,17.0,4.0,1,-1
1162.242,17.0,4.0,1,-1
1162.262,17.0,4.0,1,-1
1162.282,17.0,4.0,1,-1
1162.302,17.0,4.0,1,-1
1162.322,17.0,4.0,0,-1
1162.342,17.0,4.0,0,-1
1162.362,17.0,4.0,0,-1
1162.382,17.0,4.0,0,-1
1162.402,17.0,4.0,0,-1
1162.422,17.0,4.0,0,-1
1162.442,17.0,4.0,0,-1
1162.462,17.0,4.0,0,-1
1162.482,17.0,4.0,0,-1
1162.502,17.0,4.0,0,-1
1162.522,17.0,4.0,0,-1
1162.542,17.0,4.0,0,-1
1162.562,17.0,4.0,0,-1
1162.582,17.0,4.0,0,-1
1162.602,17.0,4.0,0,-1
1162.622,17.0,4.0,0,-1
1162.642,17.0,4.0,-1,-1
1162.662,17.0,4.0,-1,-1
1162.682,17.0,4.0,-1,-1
1162.702,17.0,4.0,-1,-1
1162.722,17.0,4.0,-1,-1
1162.742,17.0,4.0,-1,-1
1162.762,17.0,4.0,-1,-1
1162.782,17.0,4.0,0,-1
1162.802,17.0,4.0,0,-1
1162.822,17.0,4.0,0,-1
1162.842,17.0,4.0,0,-1
1162.862,17.0,4.0,0,-1
1162.882,17.0,4.0,0,-1
1162.902,17.0,4.0,0,-1
1162.922,17.0,4.0,0,-1
1162.942,17.0,4.0,0,-1
1162.962,17.0,4.0,0,-1
1162.982,17.0,4.0,0,-1
1163.002,17.0,4.0,0,-1
1163.022,17.0,4.0,0,-1
1163.042,17.0,4.0,0,-1
1163.062,17.0,4.0,0,-1
1163.082,17.0,4.0,0,-1
1163.102,17.0,4.0,0,-1
1163.122,17.0,4.0,-1,-1
1163.142,17.0,4.0,-1,-1
1163.162,17.0,4.0,0,-1
1163.182,17.0,4.0,0,-1
1163.202,17.0,4.0,0,-1
1163.222,17.0,4.0,0,-1
1163.242,17.0,4.0,0,-1
1163.262,17.0,4.0,0,-1
1163.282,17.0,4.0,0,-1
1163.302,17.0,4.0,0,-1
1163.322,17.0,4.0,0,-1
1163.342,17.0,4.0,0,-1
1163.362,17.0,4.0,0,-1
1163.382,17.0,4.0,0,-1
1163.402,17.0,4.0,0,-1
1163.422,17.0,4.0,-1,-1
1163.442,17.0,4.0,-1,-1
1163.462,17.0,4.0,-1,-1
1163.482,17.0,4.0,-1,-1
1163.502,17.0,4.0,-1,-1
1163.522,17.0,4.0,-1,-1
1163.542,17.0,4.0,-1,-1
1163.562,17.0,4.0,-1,-1
1163.582,17.0,4.0,-1,-1
1163.602,17.0,4.0,-1,-1
1163.622,17.0,4.0,-1,-1
1163.642,17.0,4.0,-1,-1
1163.662,17.0,4.0,-1,-1
1163.682,17.0,4.0,-1,-1
1163.702,17.0,4.0,-1,-1
1163.722,17.0,4.0,-1,-1
1163.742,17.0,4.0,-1,-1
1163.762,17.0,4.0,-1,-1
1163.782,17.0,4.0,-1,-1
1163.802,17.0,4.0,-1,-1
1163.822,17.0,4.0,-1,-1
1163.842,17.0,4.0,-1,-1
1163.862,17.0,4.0,-1,-1
1163.882,17.0,4.0,-1,-1
1163.902,17.0,4.0,-1,-1
1163.922,17.0,4.0,-1,-1
1163.942,17.0,4.0,-1,-1
1163.962,17.0,4.0,-1,-1
1163.982,17.0,4.0,0,-1
1164.002,17.0,4.0,0,-1
1164.022,17.0,4.0,0,-1
1164.042,17.0,4.0,0,-1
1164.062,17.0,4.0,0,-1
1164.082,17.0,4.0,0,-1
1164.102,17.0,4.0,0,-1
1164.122,17.0,4.0,0,-1
1164.142,17.0,4.0,0,-1
1164.162,17.0,4.0,0,-1
1164.182,17.0,4.0,0,-1
1164.202,17.0,4.0,0,-1
1164.222,17.0,4.0,0,-1
1164.242,17.0,4.0,0,-1
1164.262,17.0,4.0,0,-1
1164.282,17.0,4.0,0,-1
1164.302,17.0,4.0,0,-1
1164.322,17.0,4.0,0,-1
1164.342,17.0,4.0,0,-1
1164.362,17.0,4.0,0,-1
1164.382,17.0,4.0,0,-1
1164.402,17.0,4.0,0,-1
1164.422,17.0,4.0,0,-1
1164.442,17.0,4.0,0,-1
1164.462,17.0,4.0,0,-1
1164.482,17.0,4.0,0,-1
1164.502,17.0,4.0,0,-1
1164.522,17.0,4.0,0,-1
1164.542,17.0,4.0,0,-1
1164.562,17.0,4.0,0,-1
1164.582,17.0,4.0,0,-1
1164.602,17.0,4.0,0,-1
1164.622,17.0,4.0,0,-1
1164.642,17.0,4.0,0,-1
1164.662,17.0,4.0,0,-1
1164.682,17.0,4.0,0,-1
1164.702,17.0,4.0,0,-1
1164.722,17.0,4.0,0,-1
1164.742,17.0,4.0,0,-1
1164.762,17.0,4.0,0,-1
1164.782,17.0,4.0,0,-1
1164.802,17.0,4.0,0,-1
1164.822,17.0,4.0,0,-1
1164.842,17.0,4.0,0,-1
1164.862,17.0,4.0,0,-1
1164.882,17.0,4.0,0,-1
1164.902,17.0,4.0,0,2
1164.922,17.0,4.0,0,2
1164.942,17.0,4.0,0,2
1164.962,17.0,4.0,0,2
1164.982,17.0,4.0,0,2
1165.002,17.0,4.0,0,2
1165.022,17.0,4.0,0,2
1165.042,17.0,4.0,0,2
1165.062,17.0,4.0,0,2
1165.082,17.0,4.0,0,2
1165.102,17.0,4.0,0,2
1165.122,17.0,4.0,0,2
1165.142,17.0,4.0,0,2
1165.162,17.0,4.0,0,2
1165.182,17.0,4.0,0,2
1165.202,17.0,4.0,0,2
1165.222,17.0,4.0,0,2
1165.242,17.0,4.0,0,2
1165.262,17.0,4.0,0,2
1165.282,17.0,4.0,0,2
1165.302,17.0,4.0,0,2
1165.322,17.0,4.0,0,2
1165.342,17.0,4.0,0,2
1165.362,17.0,4.0,0,2
1165.382,17.0,4.0,0,2
1165.402,17.0,4.0,0,2
1165.422,17.0,4.0,0,2
1165.442,17.0,4.0,0,2
1165.462,17.0,4.0,0,2
1165.482,17.0,4.0,0,2
1165.502,17.0,4.0,0,2
1165.522,17.0,4.0,0,2
1165.542,17.0,4.0,0,2
1165.562,17.0,4.0,0,2
1165.582,17.0,4.0,0,2
1165.602,17.0,4.0,0,2
1165.622,17.0,4.0,0,2
1165.642,17.0,4.0,0,2
1165.662,17.0,4.0,0,2
1165.682,17.0,4.0,0,2
1165.702,17.0,4.0,0,2
1165.722,17.0,4.0,0,2
1165.742,17.0,4.0,0,2
1165.762,17.0,4.0,0,2
1165.782,17.0,4.0,0,2
1165.802,17.0,4.0,0,2
1165.822,17.0,4.0,0,2
1165.842,17.0,4.0,0,2
1165.862,17.0,4.0,0,2
1165.882,17.0,4.0,0,2
1165.902,17.0,4.0,0,2
1165.922,17.0,4.0,0,2
1165.942,17.0,4.0,0,2
1165.962,17.0,4.0,0,2
1165.982,17.0,4.0,0,2
1166.002,17.0,4.0,0,2
1166.022,17.0,4.0,0,2
1166.042,17.0,4.0,0,2
1166.062,17.0,4.0,0,2
1166.082,17.0,4.0,0,2
1166.102,17.0,4.0,0,2
1166.122,17.0,4.0,0,2
1166.142,17.0,4.0,0,2
1166.162,17.0,4.0,0,2
1166.182,17.0,4.0,0,2
1166.202,17.0,4.0,0,2
1166.222,17.0,4.0,0,2
1166.242,17.0,4.0,0,2
1166.262,17.0,4.0,0,2
1166.282,17.0,4.0,0,2
1166.302,17.0,4.0,0,2
1166.322,17.0,4.0,0,2
1166.342,17.0,4.0,0,2
1166.362,17.0,4.0,0,2
1166.382,17.0,4.0,0,2
1166.402,17.0,4.0,0,2
1166.422,17.0,4.0,0,2
1166.442,17.0,4.0,0,2
1166.462,17.0,4.0,0,2
1166.482,17.0,4.0,0,2
1166.502,17.0,4.0,0,2
1166.522,17.0,4.0,0,2
1166.542,17.0,4.0,0,2
1166.562,17.0,4.0,0,2
1166.582,17.0,4.0,0,2
1166.602,17.0,4.0,0,2
1166.622,17.0,4.0,0,2
1166.642,17.0,4.0,0,2
1166.662,17.0,4.0,0,2
1166.682,17.0,4.0,0,2
1166.702,17.0,4.0,0,2
1166.722,17.0,4.0,0,2
1166.742,17.0,4.0,0,2
1166.762,17.0,4.0,0,2
1166.782,17.0,4.0,0,2
1166.802,17.0,4.0,0,2
1166.822,17.0,4.0,0,2
1166.842,17.0,4.0,0,2
1166.862,17.0,4.0,0,2
1166.882,17.0,4.0,0,2
1166.902,17.0,4.0,0,2
1166.922,17.0,4.0,0,2
1166.942,17.0,4.0,0,2
1166.962,17.0,4.0,-1,2
1166.982,17.0,4.0,-1,2
1167.002,17.0,4.0,-1,2
1167.022,17.0,4.0,-1,2
1167.042,17.0,4.0,-1,2
1167.062,17.0,4.0,-1,2
1167.082,17.0,4.0,-1,2
1167.102,17.0,4.0,-1,2
1167.122,17.0,4.0,-1,2
1167.142,17.0,4.0,-1,2
1167.162,17.0,4.0,-1,2
1167.182,17.0,4.0,-1,2
1167.202,17.0,4.0,-1,2
1167.222,17.0,4.0,-1,2
1167.242,17.0,4.0,-1,2
1167.262,17.0,4.0,-1,2
1167.282,17.0,4.0,-1,2
1167.302,17.0,4.0,-1,2
1167.322,17.0,4.0,-1,2
1167.342,17.0,4.0,-1,2
1167.362,17.0,4.0,-1,2
1167.382,17.0,4.0,-1,2
1167.402,17.0,4.0,-1,2
1167.422,17.0,4.0,-1,2
1167.442,17.0,4.0,-1,2
1167.462,17.0,4.0,-1,2
1167.482,17.0,4.0,-1,2
1167.502,17.0,4.0,-1,2
1167.522,17.0,4.0,-1,2
1167.542,17.0,4.0,-1,2
1167.562,17.0,4.0,-1,2
1167.582,17.0,4.0,-1,2
1167.602,17.0,4.0,-1,2
1167.622,17.0,4.0,-1,2
1167.642,17.0,4.0,-1,2
1167.662,17.0,4.0,-1,2
1167.682,17.0,4.0,-1,2
1167.702,17.0,4.0,-1,2
1167.722,17.0,4.0,-1,2
1167.742,17.0,4.0,0,2
1167.762,17.0,4.0,0,2
1167.782,17.0,4.0,0,2
1167.802,17.0,4.0,0,2
1167.822,17.0,4.0,0,2
1167.842,17.0,4.0,0,2
1167.862,17.0,4.0,0,2
1167.882,17.0,4.0,0,2
1167.902,17.0,4.0,0,2
1167.922,17.0,4.0,0,2
1167.942,17.0,4.0,0,2
1167.962,17.0,4.0,0,2
1167.982,17.0,4.0,0,2
1168.002,17.0,4.0,0,2
1168.022,17.0,4.0,0,2
1168.042,17.0,4.0,0,2
1168.062,17.0,4.0,0,2
1168.082,17.0,4.0,0,2
1168.102,17.0,4.0,0,2
1168.122,17.0,4.0,0,2
1168.142,17.0,4.0,0,2
1168.162,17.0,4.0,0,2
1168.182,17.0,4.0,0,2
1168.202,17.0,4.0,0,2
1168.222,17.0,4.0,0,2
1168.242,17.0,4.0,0,2
1168.262,17.0,4.0,0,2
1168.282,17.0,4.0,0,2
1168.302,17.0,4.0,0,2
1168.322,17.0,4.0,0,2
1168.342,17.0,4.0,0,2
1168.362,17.0,4.0,0,2
1168.382,17.0,4.0,-1,2
1168.402,17.0,4.0,-1,2
1168.422,17.0,4.0,-1,2
1168.442,17.0,4.0,-1,2
1168.462,17.0,4.0,-1,2
1168.482,17.0,4.0,-1,2
1168.502,17.0,4.0,-1,2
1168.522,17.0,4.0,-1,2
1168.542,17.0,4.0,-1,2
1168.562,17.0,4.0,-1,2
1168.582,17.0,4.0,-1,2
1168.602,17.0,4.0,-1,2
1168.622,17.0,4.0,-1,2
1168.642,17.0,4.0,-1,2
1168.662,17.0,4.0,-1,2
1168.682,17.0,4.0,-1,2
1168.702,17.0,4.0,-1,2
1168.722,17.0,4.0,-1,2
1168.742,17.0,4.0,-1,2
1168.762,17.0,4.0,-1,2
1168.782,17.0,4.0,-1,2
1168.802,17.0,4.0,-1,2
1168.822,17.0,4.0,-1,2
1168.842,17.0,4.0,-1,2
1168.862,17.0,4.0,-1,2
1168.882,17.0,4.0,-1,2
1168.902,17.0,4.0,-1,2
1168.922,17.0,4.0,-1,2
1168.942,17.0,4.0,-1,2
1168.962,17.0,4.0,-1,2
1168.982,17.0,4.0,-1,2
1169.002,17.0,4.0,-1,2
1169.022,17.0,4.0,-1,2
1169.042,17.0,4.0,-1,2
1169.062,17.0,4.0,-1,2
1169.082,17.0,4.0,-1,2
1169.102,17.0,4.0,-1,2
1169.122,17.0,4.0,-1,2
1169.142,17.0,4.0,-1,2
1169.162,17.0,4.0,-1,2
1169.182,17.0,4.0,-1,2
1169.202,17.0,4.0,-1,2
1169.222,17.0,4.0,-1,2
1169.242,17.0,4.0,-1,2
1169.262,17.0,4.0,-1,2
1169.282,17.0,4.0,-1,2
1169.302,17.0,4.0,-1,2
1169.322,17.0,4.0,-1,2
1169.342,17.0,4.0,-1,2
1169.362,17.0,4.0,-1,2
1169.382,17.0,4.0,-1,2
1169.402,17.0,4.0,-1,2
1169.422,17.0,4.0,-1,2
1169.442,17.0,4.0,-1,2
1169.462,17.0,4.0,-1,2
1169.482,17.0,4.0,-1,2
1169.502,17.0,4.0,-1,2
1169.522,17.0,4.0,-1,2
1169.542,17.0,4.0,-1,2
1169.562,17.0,4.0,-1,2
1169.582,17.0,4.0,-1,2
1169.602,17.0,4.0,-1,2
1169.622,17.0,4.0,-1,2
1169.642,17.0,4.0,-1,2
1169.662,17.0,4.0,-1,2
1169.682,17.0,4.0,-1,2
1169.702,17.0,4.0,-1,2
1169.722,17.0,4.0,-1,2
1169.742,17.0,4.0,-1,2
1169.762,17.0,4.0,-1,2
1169.782,17.0,4.0,-1,2
1169.802,17.0,4.0,-1,2
1169.822,17.0,4.0,-1,2
1169.842,17.0,4.0,-1,2
1169.862,17.0,4.0,-1,2
1169.882,17.0,4.0,-1,2
1169.902,17.0,4.0,-1,2
1169.922,17.0,4.0,-1,2
1169.942,17.0,4.0,-1,2
1169.962,17.0,4.0,-1,2
1169.982,17.0,4.0,-1,2
1170.002,17.0,4.0,-1,2
1170.022,17.0,4.0,-1,2
1170.042,17.0,4.0,-1,2
1170.062,17.0,4.0,-1,2
1170.082,17.0,4.0,-1,2
1170.102,17.0,4.0,-1,2
1170.122,17.0,4.0,-1,2
1170.142,17.0,4.0,-1,2
1170.162,17.0,4.0,-1,2
1170.182,17.0,4.0,-1,2
1170.202,17.0,4.0,-1,2
1170.222,17.0,4.0,-1,2
1170.242,17.0,4.0,-1,2
1170.262,17.0,4.0,-1,2
1170.282,17.0,4.0,-1,2
1170.302,17.0,4.0,-1,2
1170.322,17.0,4.0,-1,2
1170.342,17.0,4.0,-1,2
1170.362,17.0,4.0,-1,2
1170.382,17.0,4.0,-1,2
1170.402,17.0,4.0,-1,2
1170.422,17.0,4.0,-1,2
1170.442,17.0,4.0,-1,2
1170.462,17.0,4.0,-1,2
1170.482,17.0,4.0,-1,2
1170.502,17.0,4.0,-1,2
1170.522,17.0,4.0,-1,2
1170.542,17.0,4.0,-1,2
1170.562,17.0,4.0,-1,2
1170.582,17.0,4.0,-1,2
1170.602,17.0,4.0,-1,2
1170.622,17.0,4.0,-1,2
1170.642,17.0,4.0,-1,2
1170.662,17.0,4.0,-1,2
1170.682,17.0,4.0,-1,2
1170.702,17.0,4.0,-1,2
1170.722,17.0,4.0,-1,2
1170.742,17.0,4.0,-1,2
1170.762,17.0,4.0,-1,2
1170.782,17.0,4.0,-1,2
1170.802,17.0,4.0,-1,2
1170.822,17.0,4.0,-1,2
1170.842,17.0,4.0,-1,2
1170.862,17.0,4.0,-1,2
1170.882,17.0,4.0,-1,2
1170.902,17.0,4.0,-1,2
1170.922,17.0,4.0,-1,2
1170.942,17.0,4.0,-1,2
1170.962,17.0,4.0,-1,2
1170.982,17.0,4.0,-1,2
1171.002,17.0,4.0,-1,2
1171.022,17.0,4.0,-1,2
1171.042,17.0,4.0,-1,2
1171.062,17.0,4.0,-1,2
1171.082,17.0,4.0,-1,2
1171.102,17.0,4.0,-1,2
1171.122,17.0,4.0,-1,2
1171.142,17.0,4.0,-1,2
1171.162,17.0,4.0,-1,2
1171.182,17.0,4.0,-1,2
1171.202,17.0,4.0,-1,2
1171.222,17.0,4.0,-1,2
1171.242,17.0,4.0,-1,2
1171.262,17.0,4.0,-1,2
1171.282,17.0,4.0,-1,2
1171.302,17.0,4.0,-1,2
1171.322,17.0,4.0,-1,2
1171.342,17.0,4.0,-1,2
1171.362,17.0,4.0,-1,2
1171.382,17.0,4.0,-1,2
1171.402,17.0,4.0,-1,2
1171.422,17.0,4.0,-1,2
1171.442,17.0,4.0,-1,2
1171.462,17.0,4.0,-1,2
1171.482,17.0,4.0,-1,2
1171.502,17.0,4.0,-1,2
1171.522,17.0,4.0,-1,2
1171.542,17.0,4.0,-1,2
1171.562,17.0,4.0,-1,2
1171.582,17.0,4.0,-1,2
1171.602,17.0,4.0,-1,2
1171.622,17.0,4.0,-1,2
1171.642,17.0,4.0,-1,2
1171.662,17.0,4.0,-1,2
1171.682,17.0,4.0,-1,2
1171.702,17.0,4.0,-1,2
1171.722,17.0,4.0,-1,2
1171.742,17.0,4.0,-1,2
1171.762,17.0,4.0,-1,2
1171.782,17.0,4.0,-1,2
1171.802,17.0,4.0,-1,2
1171.822,17.0,4.0,-1,2
1171.842,17.0,4.0,-1,2
1171.862,17.0,4.0,-1,2
1171.882,17.0,4.0,-1,2
1171.902,17.0,4.0,-1,2
1171.922,17.0,4.0,-1,2
1171.942,17.0,4.0,-1,2
1171.962,17.0,4.0,-1,2
1171.982,17.0,4.0,-1,2
1172.002,17.0,4.0,-1,2
1172.022,17.0,4.0,-1,2
1172.042,17.0,4.0,-1,2
1172.062,17.0,4.0,-1,2
1172.082,17.0,4.0,-1,2
1172.102,17.0,4.0,-1,2
1172.122,17.0,4.0,-1,2
1172.142,17.0,4.0,-1,2
1172.162,17.0,4.0,-1,2
1172.182,17.0,4.0,-1,2
1172.202,17.0,4.0,-1,2
1172.222,17.0,4.0,-1,2
1172.242,17.0,4.0,-1,2
1172.262,17.0,4.0,-1,2
1172.282,17.0,4.0,-1,2
1172.302,17.0,4.0,-1,2
1172.322,17.0,4.0,-1,2
1172.342,17.0,4.0,-1,2
1172.362,17.0,4.0,-1,2
1172.382,17.0,4.0,-1,2
1172.402,17.0,4.0,-1,2
1172.422,17.0,4.0,-1,2
1172.442,17.0,4.0,-1,2
1172.462,17.0,4.0,-1,2
1172.482,17.0,4.0,-1,2
1172.502,17.0,4.0,-1,2
1172.522,17.0,4.0,-1,2
1172.542,17.0,4.0,-1,2
1172.562,17.0,4.0,-1,2
1172.582,17.0,4.0,-1,2
1172.602,17.0,4.0,-1,2
1172.622,17.0,4.0,-1,2
1172.642,17.0,4.0,-1,2
1172.662,17.0,4.0,-1,2
1172.682,17.0,4.0,-1,2
1172.702,17.0,4.0,-1,2
1172.722,17.0,4.0,-1,2
1172.742,17.0,4.0,-1,2
1172.762,17.0,4.0,-1,2
1172.782,17.0,4.0,-1,2
1172.802,17.0,4.0,-1,2
1172.822,17.0,4.0,-1,2
1172.842,17.0,4.0,-1,2
1172.862,17.0,4.0,-1,2
1172.882,17.0,4.0,-1,2
1172.902,17.0,4.0,-1,2
1172.922,17.0,4.0,-1,2
1172.942,17.0,4.0,-1,2
1172.962,17.0,4.0,-1,2
1172.982,17.0,4.0,-1,2
1173.002,17.0,4.0,-1,2
1173.022,17.0,4.0,-1,2
1173.042,17.0,4.0,-1,2
1173.062,17.0,4.0,-1,2
1173.082,17.0,4.0,-1,2
1173.102,17.0,4.0,-1,2
1173.122,17.0,4.0,-1,2
1173.142,17.0,4.0,-1,2
1173.162,17.0,4.0,-1,2
1173.182,17.0,4.0,-1,2
1173.202,17.0,4.0,-1,2
1173.222,17.0,4.0,-1,-1
1173.242,17.0,4.0,-1,-1
1173.262,17.0,4.0,-1,-1
1173.282,17.0,4.0,-1,-1
1173.302,17.0,4.0,-1,-1
1173.322,17.0,4.0,-1,-1
1173.342,17.0,4.0,-1,-1
1173.362,17.0,4.0,-1,-1
1173.382,17.0,4.0,-1,-1
1173.402,17.0,4.0,-1,-1
1173.422,17.0,4.0,-1,-1
1173.442,17.0,4.0,-1,-1
1173.462,17.0,4.0,-1,-1
1173.482,17.0,4.0,-1,-1
1173.502,17.0,4.0,-1,-1
1173.522,17.0,4.0,-1,-1
1173.542,17.0,4.0,-1,-1
1173.562,17.0,4.0,-1,-1
1173.582,17.0,4.0,-1,-1
1173.602,17.0,4.0,-1,-1
1173.622,17.0,4.0,-1,-1
1173.642,17.0,4.0,-1,-1
1173.662,17.0,4.0,-1,-1
1173.682,17.0,4.0,-1,-1
1173.702,17.0,4.0,-1,-1
1173.722,17.0,4.0,-1,-1
1173.742,17.0,4.0,-1,-1
1173.762,17.0,4.0,-1,-1
1173.782,17.0,4.0,-1,-1
1173.802,17.0,4.0,-1,-1
1173.822,17.0,4.0,-1,-1
1173.842,17.0,4.0,-1,-1
1173.862,17.0,4.0,-1,-1
1173.882,17.0,4.0,-1,-1
1173.902,17.0,4.0,-1,-1
1173.922,17.0,4.0,-1,-1
1173.942,17.0,4.0,-1,-1
1173.962,17.0,4.0,-1,-1
1173.982,17.0,4.0,-1,-1
1174.002,17.0,4.0,-1,-1
1174.022,17.0,4.0,-1,-1
1174.042,17.0,4.0,-1,-1
1174.062,17.0,4.0,-1,-1
1174.082,17.0,4.0,-1,-1
1174.102,17.0,4.0,-1,-1
1174.122,17.0,4.0,-1,-1
1174.142,17.0,4.0,-1,-1
1174.162,17.0,4.0,-1,-1
1174.182,17.0,4.0,-1,-1
1174.202,17.0,4.0,-1,-1
1174.222,17.0,4.0,-1,-1
1174.242,17.0,4.0,-1,-1
1174.262,17.0,4.0,-1,-1
1174.282,17.0,4.0,-1,-1
1174.302,17.0,4.0,-1,-1
1174.322,17.0,4.0,-1,-1
1174.342,17.0,4.0,-1,-1
1174.362,17.0,4.0,-1,-1
1174.382,17.0,4.0,-1,-1
1174.402,17.0,4.0,-1,-1
1174.422,17.0,4.0,-1,-1
1174.442,17.0,4.0,-1,-1
1174.462,17.0,4.0,-1,-1
1174.482,17.0,4.0,-1,-1
1174.502,17.0,4.0,-1,-1
1174.522,17.0,4.0,-1,-1
1174.542,17.0,4.0,-1,-1
1174.562,17.0,4.0,-1,-1
1174.582,17.0,4.0,-1,-1
1174.602,17.0,4.0,-1,-1
1174.622,17.0,4.0,-1,-1
1174.642,17.0,4.0,-1,-1
1174.662,17.0,4.0,-1,-1
1174.682,17.0,4.0,-1,-1
1174.702,17.0,4.0,-1,-1
1174.722,17.0,4.0,-1,-1
1174.742,17.0,4.0,-1,-1
1174.762,17.0,4.0,-1,-1
1174.782,17.0,4.0,-1,-1
1174.802,17.0,4.0,-1,-1
1174.822,17.0,4.0,-1,-1
1174.842,17.0,4.0,-1,-1
1174.862,17.0,4.0,-1,-1
1174.882,17.0,4.0,-1,-1
1174.902,17.0,4.0,-1,-1
1174.922,17.0,4.0,-1,-1
1174.942,17.0,4.0,-1,-1
1174.962,17.0,4.0,-1,-1
1174.982,17.0,4.0,-1,-1
1175.002,17.0,4.0,-1,-1
1175.022,17.0,4.0,-1,-1
1175.042,17.0,4.0,-1,-1
1175.062,17.0,4.0,-1,-1
1175.082,17.0,4.0,-1,-1
1175.102,17.0,4.0,-1,-1
1175.122,17.0,4.0,-1,-1
1175.142,17.0,4.0,-1,-1
1175.162,17.0,4.0,-1,-1
1175.182,17.0,4.0,-1,-1
1175.202,17.0,4.0,-1,-1
1175.222,17.0,4.0,-1,-1
1175.242,17.0,4.0,-1,-1
1175.262,17.0,4.0,-1,-1
1175.282,17.0,4.0,-1,-1
1175.302,17.0,4.0,-1,-1
1175.322,17.0,4.0,-1,-1
1175.342,17.0,4.0,-1,-1
1175.362,17.0,4.0,-1,-1
1175.382,17.0,4.0,-1,-1
1175.402,17.0,4.0,-1,-1
1175.422,17.0,4.0,-1,-1
1175.442,17.0,4.0,-1,-1
1175.462,17.0,4.0,-1,-1
1175.482,17.0,4.0,-1,-1
1175.502,17.0,4.0,-1,-1
1175.522,17.0,4.0,-1,-1
1175.542,17.0,4.0,-1,-1
1175.562,17.0,4.0,-1,-1
1175.582,17.0,4.0,-1,-1
1175.602,17.0,4.0,-1,-1
1175.622,17.0,4.0,-1,-1
1175.642,17.0,4.0,-1,-1
1175.662,17.0,4.0,-1,-1
1175.682,17.0,4.0,-1,-1
1175.702,17.0,4.0,-1,-1
1175.722,17.0,4.0,-1,-1
1175.742,17.0,4.0,-1,-1
1175.762,17.0,4.0,-1,-1
1175.782,17.0,4.0,-1,-1
1175.802,17.0,4.0,-1,-1
1175.822,17.0,4.0,-1,-1
1175.842,17.0,4.0,-1,-1
1175.862,17.0,4.0,-1,-1
1175.882,17.0,4.0,-1,-1
1175.902,17.0,4.0,-1,-1
1175.922,17.0,4.0,-1,-1
1175.942,17.0,4.0,-1,-1
1175.962,17.0,4.0,-1,-1
1175.982,17.0,4.0,-1,-1
1176.002,17.0,4.0,-1,-1
1176.022,17.0,4.0,-1,-1
1176.042,17.0,4.0,-1,-1
1176.062,17.0,4.0,-1,-1
1176.082,17.0,4.0,-1,-1
1176.102,17.0,4.0,-1,-1
1176.122,17.0,4.0,-1,-1
1176.142,17.0,4.0,-1,-1
1176.162,17.0,4.0,-1,-1
1176.182,17.0,4.0,-1,-1
1176.202,17.0,4.0,-1,-1
1176.222,17.0,4.0,-1,-1
1176.242,17.0,4.0,-1,-1
1176.262,17.0,4.0,-1,-1
1176.282,17.0,4.0,-1,-1
1176.302,17.0,4.0,-1,-1
1176.322,17.0,4.0,-1,-1
1176.342,17.0,4.0,-1,-1
1176.362,17.0,4.0,-1,-1
1176.382,17.0,4.0,-1,-1
1176.402,17.0,4.0,-1,-1
1176.422,17.0,4.0,-1,-1
1176.442,17.0,4.0,-1,-1
1176.462,17.0,4.0,-1,-1
1176.482,17.0,4.0,-1,-1
1176.502,17.0,4.0,-1,-1
1176.522,17.0,4.0,-1,-1
1176.542,17.0,4.0,-1,-1
1176.562,17.0,4.0,-1,-1
1176.582,17.0,4.0,-1,-1
1176.602,17.0,4.0,-1,-1
1176.622,17.0,4.0,-1,-1
1176.642,17.0,4.0,-1,-1
1176.662,17.0,4.0,-1,-1
1176.682,17.0,4.0,-1,-1
1176.702,17.0,4.0,-1,-1
1176.722,17.0,4.0,-1,-1
1176.742,17.0,4.0,-1,-1
1176.762,17.0,4.0,-1,-1
1176.782,17.0,4.0,-1,-1
1176.802,17.0,4.0,-1,-1
1176.822,17.0,4.0,-1,-1
1176.842,17.0,4.0,-1,-1
1176.862,17.0,4.0,-1,-1
1176.882,17.0,4.0,-1,-1
1176.902,17.0,4.0,-1,-1
1176.922,17.0,4.0,-1,-1
1176.942,17.0,4.0,-1,-1
1176.962,17.0,4.0,-1,-1
1176.982,17.0,4.0,-1,-1
1177.002,17.0,4.0,-1,-1
1177.022,17.0,4.0,-1,-1
1177.042,17.0,4.0,-1,-1
1177.062,17.0,4.0,-1,-1
1177.082,17.0,4.0,-1,-1
1177.102,17.0,4.0,-1,-1
1177.122,17.0,4.0,-1,-1
1177.142,17.0,4.0,-1,-1
1177.162,17.0,4.0,-1,-1
1177.182,17.0,4.0,-1,-1
1177.202,17.0,4.0,-1,-1
1177.222,17.0,4.0,-1,-1
1177.242,17.0,4.0,-1,-1
1177.262,17.0,4.0,-1,-1
1177.282,17.0,4.0,-1,-1
1177.302,17.0,4.0,-1,-1
1177.322,17.0,4.0,-1,-1
1177.342,17.0,4.0,-1,-1
1177.362,17.0,4.0,-1,-1
1177.382,17.0,4.0,-1,-1
1177.402,17.0,4.0,-1,-1
1177.422,17.0,4.0,-1,-1
1177.442,17.0,4.0,-1,-1
1177.462,17.0,4.0,-1,-1
1177.482,17.0,4.0,-1,-1
1177.502,17.0,4.0,-1,-1
1177.522,17.0,4.0,-1,-1
1177.542,17.0,4.0,-1,-1
1177.562,17.0,4.0,-1,-1
1177.582,17.0,4.0,-1,-1
1177.602,17.0,4.0,-1,-1
1177.622,17.0,4.0,-1,-1
1177.642,17.0,4.0,-1,-1
1177.662,17.0,4.0,-1,-1
1177.682,17.0,4.0,-1,-1
1177.702,17.0,4.0,-1,-1
1177.722,17.0,4.0,-1,-1
1177.742,17.0,4.0,-1,-1
1177.762,17.0,4.0,-1,-1
1177.782,17.0,4.0,-1,-1
1177.802,17.0,4.0,-1,-1
1177.822,17.0,4.0,-1,-1
1177.842,17.0,4.0,-1,-1
1177.862,17.0,4.0,-1,-1
1177.882,17.0,4.0,-1,-1
1177.902,17.0,4.0,-1,-1
1177.922,17.0,4.0,-1,-1
1177.942,17.0,4.0,-1,-1
1177.962,17.0,4.0,-1,-1
1177.982,17.0,4.0,-1,-1
1178.002,17.0,4.0,-1,-1
1178.022,17.0,4.0,-1,-1
1178.042,17.0,4.0,-1,-1
1178.062,17.0,4.0,-1,-1
1178.082,17.0,4.0,-1,-1
1178.102,17.0,4.0,-1,-1
1178.122,17.0,4.0,-1,-1
1178.142,17.0,4.0,-1,-1
1178.162,17.0,4.0,-1,-1
1178.182,17.0,4.0,-1,-1
1178.202,17.0,4.0,-1,-1
1178.222,17.0,4.0,-1,-1
1178.242,17.0,4.0,-1,-1
1178.262,17.0,4.0,-1,-1
1178.282,17.0,4.0,-1,-1
1178.302,17.0,4.0,-1,-1
1178.322,17.0,4.0,-1,-1
1178.342,17.0,4.0,-1,-1
1178.362,17.0,4.0,-1,-1
1178.382,17.0,4.0,-1,-1
1178.402,17.0,4.0,-1,-1
1178.422,17.0,4.0,-1,-1
1178.442,17.0,4.0,-1,-1
1178.462,17.0,4.0,-1,-1
1178.482,17.0,4.0,-1,-1
1178.502,17.0,4.0,-1,-1
1178.522,17.0,4.0,-1,-1
1178.542,17.0,4.0,-1,-1
1178.562,17.0,4.0,-1,-1
1178.582,17.0,4.0,-1,-1
1178.602,17.0,4.0,-1,-1
1178.622,17.0,4.0,-1,-1
1178.642,17.0,4.0,-1,-1
1178.662,17.0,4.0,-1,-1
1178.682,17.0,4.0,-1,-1
1178.702,17.0,4.0,-1,-1
1178.722,17.0,4.0,-1,-1
1178.742,17.0,4.0,-1,-1
1178.762,17.0,4.0,-1,-1
1178.782,17.0,4.0,-1,-1
1178.802,17.0,4.0,-1,-1
1178.822,17.0,4.0,-1,-1
1178.842,17.0,4.0,-1,-1
1178.862,17.0,4.0,-1,-1
1178.882,17.0,4.0,-1,-1
1178.902,17.0,4.0,-1,-1
1178.922,17.0,4.0,-1,3
1178.942,17.0,4.0,-1,3
1178.962,17.0,4.0,-1,3
1178.982,17.0,4.0,-1,3
1179.002,17.0,4.0,-1,3
1179.022,17.0,4.0,-1,3
1179.042,17.0,4.0,-1,3
1179.062,17.0,4.0,-1,3
1179.082,17.0,4.0,-1,3
1179.102,17.0,4.0,-1,3
1179.122,17.0,4.0,-1,3
1179.142,17.0,4.0,-1,3
1179.162,17.0,4.0,-1,3
1179.182,17.0,4.0,-1,3
1179.202,17.0,4.0,-1,3
1179.222,17.0,4.0,-1,3
1179.242,17.0,4.0,-1,3
1179.262,17.0,4.0,-1,-1
1179.282,17.0,4.0,1,-1
1179.302,17.0,4.0,1,-1
1179.322,17.0,4.0,1,-1
1179.342,17.0,4.0,1,-1
1179.362,17.0,4.0,1,-1
1179.382,17.0,4.0,1,-1
1179.402,17.0,4.0,1,-1
1179.422,17.0,4.0,1,-1
1179.442,17.0,4.0,1,-1
1179.462,17.0,4.0,1,-1
1179.482,17.0,4.0,1,-1
1179.502,17.0,4.0,1,-1
1179.522,17.0,4.0,1,-1
1179.542,17.0,4.0,1,-1
1179.562,17.0,4.0,1,-1
1179.582,17.0,4.0,1,-1
1179.602,17.0,4.0,1,-1
1179.622,17.0,4.0,1,-1
1179.642,17.0,4.0,1,-1
1179.662,17.0,4.0,1,-1
1179.682,17.0,4.0,1,-1
1179.702,17.0,4.0,1,-1
1179.722,17.0,4.0,1,-1
1179.742,17.0,4.0,1,-1
1179.762,17.0,4.0,1,-1
1179.782,17.0,4.0,1,-1
1179.802,17.0,4.0,1,-1
1179.822,17.0,4.0,1,-1
1179.842,17.0,4.0,1,-1
1179.862,17.0,4.0,1,-1
1179.882,17.0,4.0,1,-1
1179.902,17.0,4.0,1,-1
1179.922,17.0,4.0,1,-1
1179.942,17.0,4.0,1,-1
1179.962,17.0,4.0,1,-1
1179.982,17.0,4.0,1,-1
1180.002,17.0,4.0,1,-1
1180.022,17.0,4.0,1,-1
1180.042,17.0,4.0,1,-1
1180.062,17.0,4.0,1,-1
1180.082,17.0,4.0,1,-1
1180.102,17.0,4.0,1,-1
1180.122,17.0,4.0,1,-1
1180.142,17.0,4.0,1,-1
1180.162,17.0,4.0,1,-1
1180.182,17.0,4.0,1,-1
1180.202,17.0,4.0,1,-1
1180.222,17.0,4.0,1,-1
1180.242,17.0,4.0,1,-1
1180.262,17.0,4.0,1,-1
1180.282,17.0,4.0,1,-1
1180.302,17.0,4.0,1,-1
1180.322,17.0,4.0,-1,-1
1180.342,17.0,4.0,-1,-1
1180.362,17.0,4.0,-1,-1
1180.382,17.0,4.0,-1,-1
1180.402,17.0,4.0,-1,-1
1180.422,17.0,4.0,-1,-1
1180.442,17.0,4.0,-1,-1
1180.462,17.0,4.0,-1,-1
1180.482,17.0,4.0,-1,-1
1180.502,17.0,4.0,-1,-1
1180.522,17.0,4.0,-1,-1
1180.542,17.0,4.0,-1,-1
1180.562,17.0,4.0,-1,-1
1180.582,17.0,4.0,-1,-1
1180.602,17.0,4.0,-1,-1
1180.622,17.0,4.0,-1,-1
1180.642,17.0,4.0,-1,-1
1180.662,17.0,4.0,-1,-1
1180.682,17.0,4.0,-1,-1
1180.702,17.0,4.0,-1,-1
1180.722,17.0,4.0,-1,-1
1180.742,17.0,4.0,-1,-1
1180.762,17.0,4.0,-1,-1
1180.782,17.0,4.0,-1,-1
1180.802,17.0,4.0,-1,-1
1180.822,17.0,4.0,-1,-1
1180.842,17.0,4.0,-1,-1
1180.862,17.0,4.0,-1,-1
1180.882,17.0,4.0,-1,-1
1180.902,17.0,4.0,-1,-1
1180.922,17.0,4.0,-1,-1
1180.942,17.0,4.0,-1,-1
1180.962,17.0,4.0,-1,-1
1180.982,17.0,4.0,-1,-1
1181.002,17.0,4.0,-1,-1
1181.022,17.0,4.0,-1,-1
1181.042,17.0,4.0,-1,-1
1181.062,17.0,4.0,-1,-1
1181.082,17.0,4.0,-1,-1
1181.102,17.0,4.0,-1,-1
1181.122,17.0,4.0,-1,-1
1181.142,17.0,4.0,-1,-1
1181.162,17.0,4.0,-1,-1
1181.182,17.0,4.0,-1,-1
1181.202,17.0,4.0,-1,-1
1181.222,17.0,4.0,-1,-1
1181.242,17.0,4.0,-1,-1
1181.262,17.0,4.0,-1,-1
1181.282,17.0,4.0,-1,-1
1181.302,17.0,4.0,-1,-1
1181.322,17.0,4.0,-1,-1
1181.342,17.0,4.0,-1,-1
1181.362,17.0,4.0,-1,-1
1181.382,17.0,4.0,-1,-1
1181.402,17.0,4.0,-1,-1
1181.422,17.0,4.0,-1,-1
1181.442,17.0,4.0,-1,-1
1181.462,17.0,4.0,-1,-1
1181.482,17.0,4.0,-1,-1
1181.502,17.0,4.0,-1,-1
1181.522,17.0,4.0,-1,-1
1181.542,17.0,4.0,-1,-1
1181.562,17.0,4.0,-1,-1
1181.582,17.0,4.0,-1,-1
1181.602,17.0,4.0,-1,-1
1181.622,17.0,4.0,-1,-1
1181.642,17.0,4.0,-1,-1
1181.662,17.0,4.0,-1,-1
1181.682,17.0,4.0,-1,-1
1181.702,17.0,4.0,-1,-1
1181.722,17.0,4.0,-1,-1
1181.742,17.0,4.0,-1,-1
1181.762,17.0,4.0,-1,-1
1181.782,17.0,4.0,-1,-1
1181.802,17.0,4.0,-1,-1
1181.822,17.0,4.0,-1,-1
1181.842,17.0,4.0,-1,-1
1181.862,17.0,4.0,-1,-1
1181.882,17.0,4.0,-1,-1
1181.902,17.0,4.0,-1,-1
1181.922,17.0,4.0,-1,-1
1181.942,17.0,4.0,-1,-1
1181.962,17.0,4.0,-1,-1
1181.982,17.0,4.0,-1,-1
1182.002,17.0,4.0,-1,-1
1182.022,17.0,4.0,-1,-1
1182.042,17.0,4.0,-1,-1
1182.062,17.0,4.0,-1,-1
1182.082,17.0,4.0,-1,-1
1182.102,17.0,4.0,-1,-1
1182.122,17.0,4.0,-1,-1
1182.142,17.0,4.0,-1,-1
1182.162,17.0,4.0,-1,-1
1182.182,17.0,4.0,-1,-1
1182.202,17.0,4.0,-1,-1
1182.222,17.0,4.0,-1,-1
1182.242,17.0,4.0,-1,-1
1182.262,17.0,4.0,-1,-1
1182.282,17.0,4.0,-1,-1
1182.302,17.0,4.0,-1,-1
1182.322,17.0,4.0,-1,-1
1182.342,17.0,4.0,-1,-1
1182.362,17.0,4.0,-1,-1
1182.382,17.0,4.0,-1,-1
1182.402,17.0,4.0,-1,-1
1182.422,17.0,4.0,-1,-1
1182.442,17.0,4.0,-1,-1
1182.462,17.0,4.0,-1,-1
1182.482,17.0,4.0,-1,-1
1182.502,17.0,4.0,-1,-1
1182.522,17.0,4.0,-1,-1
1182.542,17.0,4.0,-1,-1
1182.562,17.0,4.0,-1,-1
1182.582,17.0,4.0,-1,-1
1182.602,17.0,4.0,-1,-1
1182.622,17.0,4.0,-1,-1
1182.642,17.0,4.0,-1,-1
1182.662,17.0,4.0,-1,3
1182.682,17.0,4.0,-1,3
1182.702,17.0,4.0,-1,3
1182.722,17.0,4.0,-1,3
1182.742,17.0,4.0,-1,3
1182.762,17.0,4.0,-1,3
1182.782,17.0,4.0,-1,3
1182.802,17.0,4.0,-1,3
1182.822,17.0,4.0,-1,3
1182.842,17.0,4.0,-1,3
1182.862,17.0,4.0,-1,3
1182.882,17.0,4.0,-1,3
1182.902,17.0,4.0,-1,3
1182.922,17.0,4.0,-1,3
1182.942,17.0,4.0,-1,3
1182.962,17.0,4.0,-1,3
1182.982,17.0,4.0,-1,3
1183.002,17.0,4.0,-1,3
1183.022,17.0,4.0,-1,3
1183.042,17.0,4.0,-1,3
1183.062,17.0,4.0,-1,3
1183.082,17.0,4.0,-1,3
1183.102,17.0,4.0,-1,3
1183.122,17.0,4.0,-1,3
1183.142,17.0,4.0,-1,3
1183.162,17.0,4.0,-1,3
1183.182,17.0,4.0,-1,3
1183.202,17.0,4.0,-1,3
1183.222,17.0,4.0,-1,3
1183.242,17.0,4.0,-1,3
1183.262,17.0,4.0,-1,3
1183.282,17.0,4.0,-1,3
1183.302,17.0,4.0,-1,3
1183.322,17.0,4.0,-1,3
1183.342,17.0,4.0,-1,3
1183.362,17.0,4.0,-1,3
1183.382,17.0,4.0,-1,3
1183.402,17.0,4.0,-1,3
1183.422,17.0,4.0,-1,3
1183.442,17.0,4.0,-1,3
1183.462,17.0,4.0,-1,3
1183.482,17.0,4.0,-1,3
1183.502,17.0,4.0,-1,3
1183.522,17.0,4.0,-1,3
1183.542,17.0,4.0,-1,3
1183.562,17.0,4.0,-1,3
1183.582,17.0,4.0,-1,3
1183.602,17.0,4.0,-1,3
1183.622,17.0,4.0,-1,3
1183.642,17.0,4.0,-1,3
1183.662,17.0,4.0,-1,3
1183.682,17.0,4.0,-1,3
1183.702,17.0,4.0,-1,3
1183.722,17.0,4.0,-1,3
1183.742,17.0,4.0,-1,3
1183.762,17.0,4.0,-1,3
1183.782,17.0,4.0,-1,3
1183.802,17.0,4.0,-1,3
1183.822,17.0,4.0,-1,3
1183.842,17.0,4.0,-1,3
1183.862,17.0,4.0,-1,3
1183.882,17.0,4.0,-1,3
1183.902,17.0,4.0,-1,3
1183.922,17.0,4.0,-1,3
1183.942,17.0,4.0,-1,3
1183.962,17.0,4.0,-1,3
1183.982,17.0,4.0,-1,3
1184.002,17.0,4.0,-1,3
1184.022,17.0,4.0,-1,3
1184.042,17.0,4.0,-1,3
1184.062,17.0,4.0,-1,3
1184.082,17.0,4.0,-1,3
1184.102,17.0,4.0,-1,3
1184.122,17.0,4.0,-1,3
1184.142,17.0,4.0,-1,3
1184.162,17.0,4.0,-1,3
1184.182,17.0,4.0,-1,3
1184.202,17.0,4.0,-1,3
1184.222,17.0,4.0,-1,3
1184.242,17.0,4.0,-1,3
1184.262,17.0,4.0,-1,3
1184.282,17.0,4.0,-1,3
1184.302,17.0,4.0,-1,3
1184.322,17.0,4.0,-1,3
1184.342,17.0,4.0,-1,3
1184.362,17.0,4.0,-1,3
1184.382,17.0,4.0,-1,3
1184.402,17.0,4.0,-1,3
1184.422,17.0,4.0,-1,3
1184.442,17.0,4.0,-1,3
1184.462,17.0,4.0,-1,3
1184.482,17.0,4.0,-1,3
1184.502,17.0,4.0,-1,3
1184.522,17.0,4.0,-1,3
1184.542,17.0,4.0,-1,3
1184.562,17.0,4.0,-1,3
1184.582,17.0,4.0,-1,3
1184.602,17.0,4.0,-1,3
1184.622,17.0,4.0,-1,3
1184.642,17.0,4.0,-1,3
1184.662,17.0,4.0,-1,3
1184.682,17.0,4.0,-1,3
1184.702,17.0,4.0,-1,3
1184.722,17.0,4.0,-1,3
1184.742,17.0,4.0,-1,3
1184.762,17.0,4.0,-1,3
1184.782,17.0,4.0,-1,3
1184.802,17.0,4.0,-1,3
1184.822,17.0,4.0,-1,3
1184.842,17.0,4.0,-1,3
1184.862,17.0,4.0,-1,3
1184.882,17.0,4.0,-1,3
1184.902,17.0,4.0,-1,3
1184.922,17.0,4.0,-1,3
1184.942,17.0,4.0,-1,3
1184.962,17.0,4.0,-1,3
1184.982,17.0,4.0,-1,3
1185.002,17.0,4.0,-1,3
1185.022,17.0,4.0,-1,3
1185.042,17.0,4.0,-1,3
1185.062,17.0,4.0,-1,3
1185.082,17.0,4.0,-1,3
1185.102,17.0,4.0,-1,3
1185.122,17.0,4.0,-1,3
1185.142,17.0,4.0,-1,3
1185.162,17.0,4.0,-1,3
1185.182,17.0,4.0,-1,3
1185.202,17.0,4.0,-1,3
1185.222,17.0,4.0,-1,3
1185.242,17.0,4.0,-1,3
1185.262,17.0,4.0,-1,3
1185.282,17.0,4.0,-1,3
1185.302,17.0,4.0,-1,3
1185.322,17.0,4.0,-1,3
1185.342,17.0,4.0,-1,3
1185.362,17.0,4.0,-1,3
1185.382,17.0,4.0,-1,3
1185.402,17.0,4.0,-1,3
1185.422,17.0,4.0,-1,3
1185.442,17.0,4.0,-1,3
1185.462,17.0,4.0,-1,3
1185.482,17.0,4.0,-1,3
1185.502,17.0,4.0,-1,3
1185.522,17.0,4.0,-1,3
1185.542,17.0,4.0,-1,3
1185.562,17.0,4.0,-1,3
1185.582,17.0,4.0,-1,3
1185.602,17.0,4.0,-1,3
1185.622,17.0,4.0,-1,3
1185.642,17.0,4.0,-1,3
1185.662,17.0,4.0,-1,3
1185.682,17.0,4.0,-1,3
1185.702,17.0,4.0,-1,3
1185.722,17.0,4.0,-1,3
1185.742,17.0,4.0,-1,3
1185.762,17.0,4.0,-1,3
1185.782,17.0,4.0,-1,3
1185.802,17.0,4.0,-1,3
1185.822,17.0,4.0,-1,3
1185.842,17.0,4.0,-1,3
1185.862,17.0,4.0,-1,3
1185.882,17.0,4.0,-1,3
1185.902,17.0,4.0,-1,3
1185.922,17.0,4.0,-1,3
1185.942,17.0,4.0,-1,3
1185.962,17.0,4.0,-1,3
1185.982,17.0,4.0,-1,3
1186.002,17.0,4.0,-1,3
1186.022,17.0,4.0,-1,3
1186.042,17.0,4.0,-1,3
1186.062,17.0,4.0,-1,3
1186.082,17.0,4.0,-1,3
1186.102,17.0,4.0,-1,3
1186.122,17.0,4.0,-1,3
1186.142,17.0,4.0,-1,3
1186.162,17.0,4.0,-1,3
1186.182,17.0,4.0,-1,3
1186.202,17.0,4.0,-1,3
1186.222,17.0,4.0,-1,3
1186.242,17.0,4.0,-1,3
1186.262,17.0,4.0,-1,3
1186.282,17.0,4.0,-1,3
1186.302,17.0,4.0,-1,3
1186.322,17.0,4.0,-1,3
1186.342,17.0,4.0,-1,3
1186.362,17.0,4.0,-1,3
1186.382,17.0,4.0,-1,3
1186.402,17.0,4.0,-1,3
1186.422,17.0,4.0,-1,3
1186.442,17.0,4.0,-1,3
1186.462,17.0,4.0,-1,3
1186.482,17.0,4.0,-1,3
1186.502,17.0,4.0,-1,3
1186.522,17.0,4.0,-1,3
1186.542,17.0,4.0,-1,3
1186.562,17.0,4.0,-1,3
1186.582,17.0,4.0,-1,3
1186.602,17.0,4.0,-1,3
1186.622,17.0,4.0,-1,3
1186.642,17.0,4.0,-1,3
1186.662,17.0,4.0,-1,3
1186.682,17.0,4.0,-1,3
1186.702,17.0,4.0,-1,3
1186.722,17.0,4.0,-1,3
1186.742,17.0,4.0,-1,3
1186.762,17.0,4.0,-1,3
1186.782,17.0,4.0,-1,3
1186.802,17.0,4.0,-1,3
1186.822,17.0,4.0,-1,3
1186.842,17.0,4.0,-1,3
1186.862,17.0,4.0,-1,3
1186.882,17.0,4.0,-1,3
1186.902,17.0,4.0,-1,3
1186.922,17.0,4.0,-1,3
1186.942,17.0,4.0,-1,3
1186.962,17.0,4.0,-1,3
1186.982,17.0,4.0,-1,3
1187.002,17.0,4.0,-1,3
1187.022,17.0,4.0,-1,3
1187.042,17.0,4.0,-1,3
1187.062,17.0,4.0,-1,3
1187.082,17.0,4.0,-1,3
1187.102,17.0,4.0,-1,3
1187.122,17.0,4.0,-1,3
1187.142,17.0,4.0,-1,3
1187.162,17.0,4.0,-1,3
1187.182,17.0,4.0,-1,3
1187.202,17.0,4.0,-1,3
1187.222,17.0,4.0,-1,3
1187.242,17.0,4.0,-1,3
1187.262,17.0,4.0,-1,3
1187.282,17.0,4.0,-1,3
1187.302,17.0,4.0,-1,3
1187.322,17.0,4.0,-1,3
1187.342,17.0,4.0,-1,3
1187.362,17.0,4.0,-1,3
1187.382,17.0,4.0,-1,3
1187.402,17.0,4.0,-1,3
1187.422,17.0,4.0,-1,3
1187.442,17.0,4.0,-1,3
1187.462,17.0,4.0,-1,3
1187.482,17.0,4.0,-1,3
1187.502,17.0,4.0,-1,3
1187.522,17.0,4.0,-1,3
1187.542,17.0,4.0,-1,3
1187.562,17.0,4.0,-1,3
1187.582,17.0,4.0,-1,3
1187.602,17.0,4.0,-1,3
1187.622,17.0,4.0,-1,3
1187.642,17.0,4.0,-1,3
1187.662,17.0,4.0,-1,3
1187.682,17.0,4.0,-1,3
1187.702,17.0,4.0,-1,3
1187.722,17.0,4.0,-1,3
1187.742,17.0,4.0,-1,3
1187.762,17.0,4.0,-1,3
1187.782,17.0,4.0,-1,-1
1187.802,17.0,4.0,-1,-1
1187.822,17.0,4.0,-1,-1
1187.842,17.0,4.0,-1,-1
1187.862,17.0,4.0,-1,-1
1187.882,17.0,4.0,-1,-1
1187.902,17.0,4.0,-1,-1
1187.922,17.0,4.0,-1,-1
1187.942,17.0,4.0,-1,-1
1187.962,17.0,4.0,-1,-1
1187.982,17.0,4.0,-1,-1
1188.002,17.0,4.0,-1,-1
1188.022,17.0,4.0,-1,-1
1188.042,17.0,4.0,-1,-1
1188.062,17.0,4.0,-1,-1
1188.082,17.0,4.0,-1,-1
1188.102,17.0,4.0,-1,-1
1188.122,17.0,4.0,-1,-1
1188.142,17.0,4.0,-1,-1
1188.162,17.0,4.0,-1,-1
1188.182,17.0,4.0,-1,-1
1188.202,17.0,4.0,-1,-1
1188.222,17.0,4.0,-1,-1
1188.242,17.0,4.0,-1,-1
1188.262,17.0,4.0,-1,-1
1188.282,17.0,4.0,-1,-1
1188.302,17.0,4.0,-1,-1
1188.322,17.0,4.0,-1,-1
1188.342,17.0,4.0,-1,-1
1188.362,17.0,4.0,-1,-1
1188.382,17.0,4.0,-1,-1
1188.402,17.0,4.0,-1,-1
1188.422,17.0,4.0,-1,-1
1188.442,17.0,4.0,-1,-1
1188.462,17.0,4.0,-1,-1
1188.482,17.0,4.0,-1,-1
1188.502,17.0,4.0,-1,-1
1188.522,17.0,4.0,-1,-1
1188.542,17.0,4.0,-1,-1
1188.562,17.0,4.0,-1,-1
1188.582,17.0,4.0,-1,-1
1188.602,17.0,4.0,-1,-1
1188.622,17.0,4.0,-1,-1
1188.642,17.0,4.0,-1,-1
1188.662,17.0,4.0,-1,-1
1188.682,17.0,4.0,-1,-1
1188.702,17.0,4.0,-1,-1
1188.722,17.0,4.0,-1,-1
1188.742,17.0,4.0,-1,-1
1188.762,17.0,4.0,-1,-1
1188.782,17.0,4.0,-1,-1
1188.802,17.0,4.0,-1,-1
1188.822,17.0,4.0,-1,-1
1188.842,17.0,4.0,-1,-1
1188.862,17.0,4.0,-1,-1
1188.882,17.0,4.0,-1,-1
1188.902,17.0,4.0,-1,-1
1188.922,17.0,4.0,-1,-1
1188.942,17.0,4.0,-1,-1
1188.962,17.0,4.0,-1,-1
1188.982,17.0,4.0,-1,-1
1189.002,17.0,4.0,-1,-1
1189.022,17.0,4.0,-1,-1
1189.042,17.0,4.0,-1,-1
1189.062,17.0,4.0,-1,-1
1189.082,17.0,4.0,-1,-1
1189.102,17.0,4.0,-1,-1
1189.122,17.0,4.0,-1,-1
1189.142,17.0,4.0,-1,-1
1189.162,17.0,4.0,-1,-1
1189.182,17.0,4.0,-1,-1
1189.202,17.0,4.0,-1,-1
1189.222,17.0,4.0,-1,-1
1189.242,17.0,4.0,-1,-1
1189.262,17.0,4.0,-1,-1
1189.282,17.0,4.0,-1,-1
1189.302,17.0,4.0,-1,-1
1189.322,17.0,4.0,-1,-1
1189.342,17.0,4.0,-1,-1
1189.362,17.0,4.0,-1,-1
1189.382,17.0,4.0,-1,-1
1189.402,17.0,4.0,-1,-1
1189.422,17.0,4.0,-1,-1
1189.442,17.0,4.0,-1,-1
1189.462,17.0,4.0,-1,-1
1189.482,17.0,4.0,-1,-1
1189.502,17.0,4.0,-1,-1
1189.522,17.0,4.0,-1,-1
1189.542,17.0,4.0,-1,-1
1189.562,17.0,4.0,-1,-1
1189.582,17.0,4.0,-1,-1
1189.602,17.0,4.0,-1,-1
1189.622,17.0,4.0,-1,-1
1189.642,17.0,4.0,-1,-1
1189.662,17.0,4.0,-1,-1
1189.682,17.0,4.0,-1,-1
1189.702,17.0,4.0,-1,-1
1189.722,17.0,4.0,-1,-1
1189.742,17.0,4.0,-1,-1
1189.762,17.0,4.0,-1,-1
1189.782,17.0,4.0,-1,-1
1189.802,17.0,4.0,-1,-1
1189.822,17.0,4.0,-1,-1
1189.842,17.0,4.0,-1,-1
1189.862,17.0,4.0,-1,-1
1189.882,17.0,4.0,-1,-1
1189.902,17.0,4.0,-1,-1
1189.922,17.0,4.0,-1,-1
1189.942,17.0,4.0,-1,-1
1189.962,17.0,4.0,-1,-1
1189.982,17.0,4.0,-1,-1
1190.002,17.0,4.0,-1,-1
1190.022,17.0,4.0,-1,-1
1190.042,17.0,4.0,-1,-1
1190.062,17.0,4.0,-1,-1
1190.082,17.0,4.0,-1,-1
1190.102,17.0,4.0,-1,-1
1190.122,17.0,4.0,-1,-1
1190.142,17.0,4.0,-1,-1
1190.162,17.0,4.0,-1,-1
1190.182,17.0,4.0,-1,-1
1190.202,17.0,4.0,-1,-1
1190.222,17.0,4.0,-1,-1
1190.242,17.0,4.0,-1,-1
1190.262,17.0,4.0,-1,-1
1190.282,17.0,4.0,-1,-1
1190.302,17.0,4.0,-1,-1
1190.322,17.0,4.0,-1,-1
1190.342,17.0,4.0,-1,-1
1190.362,17.0,4.0,-1,-1
1190.382,17.0,4.0,-1,-1
1190.402,17.0,4.0,-1,-1
1190.422,17.0,4.0,-1,-1
1190.442,17.0,4.0,-1,-1
1190.462,17.0,4.0,-1,-1
1190.482,17.0,4.0,-1,-1
1190.502,17.0,4.0,-1,-1
1190.522,17.0,4.0,-1,-1
1190.542,17.0,4.0,-1,-1
1190.562,17.0,4.0,-1,-1
1190.582,17.0,4.0,-1,-1
1190.602,17.0,4.0,-1,-1
1190.622,17.0,4.0,-1,-1
1190.642,17.0,4.0,-1,-1
1190.662,17.0,4.0,-1,-1
1190.682,17.0,4.0,-1,-1
1190.702,17.0,4.0,-1,-1
1190.722,17.0,4.0,-1,-1
1190.742,17.0,4.0,-1,-1
1190.762,17.0,4.0,-1,-1
1190.782,17.0,4.0,-1,-1
1190.802,17.0,4.0,-1,-1
1190.822,17.0,4.0,-1,-1
1190.842,17.0,4.0,-1,-1
1190.862,17.0,4.0,-1,-1
1190.882,17.0,4.0,-1,-1
1190.902,17.0,4.0,-1,-1
1190.922,17.0,4.0,-1,-1
1190.942,17.0,4.0,-1,-1
1190.962,17.0,4.0,-1,-1
1190.982,17.0,4.0,-1,-1
1191.002,17.0,4.0,-1,-1
1191.022,17.0,4.0,-1,-1
1191.042,17.0,4.0,-1,-1
1191.062,17.0,4.0,-1,-1
1191.082,17.0,4.0,-1,-1
1191.102,17.0,4.0,-1,-1
1191.122,17.0,4.0,-1,-1
1191.142,17.0,4.0,-1,-1
1191.162,17.0,4.0,-1,-1
1191.182,17.0,4.0,-1,-1
1191.202,17.0,4.0,-1,-1
1191.222,17.0,4.0,-1,-1
1191.242,17.0,4.0,-1,-1
1191.262,17.0,4.0,-1,-1
1191.282,17.0,4.0,-1,-1
1191.302,17.0,4.0,-1,-1
1191.322,17.0,4.0,-1,-1
1191.342,17.0,4.0,-1,-1
1191.362,17.0,4.0,-1,-1
1191.382,17.0,4.0,-1,-1
1191.402,17.0,4.0,-1,-1
1191.422,17.0,4.0,-1,-1
1191.442,17.0,4.0,-1,-1
1191.462,17.0,4.0,-1,-1
1191.482,17.0,4.0,-1,-1
1191.502,17.0,4.0,-1,-1
1191.522,17.0,4.0,-1,-1
1191.542,17.0,4.0,-1,-1
1191.562,17.0,4.0,-1,-1
1191.582,17.0,4.0,-1,-1
1191.602,17.0,4.0,-1,-1
1191.622,17.0,4.0,-1,-1
1191.642,17.0,4.0,-1,-1
1191.662,17.0,4.0,-1,-1
1191.682,17.0,4.0,-1,-1
1191.702,17.0,4.0,-1,-1
1191.722,17.0,4.0,-1,-1
1191.742,17.0,4.0,-1,-1
1191.762,17.0,4.0,-1,-1
1191.782,17.0,4.0,-1,-1
1191.802,17.0,4.0,-1,-1
1191.822,17.0,4.0,-1,-1
1191.842,17.0,4.0,-1,-1
1191.862,17.0,4.0,-1,-1
1191.882,17.0,4.0,-1,-1
1191.902,17.0,4.0,-1,-1
1191.922,17.0,4.0,-1,-1
1191.942,17.0,4.0,-1,-1
1191.962,17.0,4.0,-1,-1
1191.982,17.0,4.0,-1,-1
1192.002,17.0,4.0,-1,-1
1192.022,17.0,4.0,-1,-1
1192.042,17.0,4.0,-1,-1
1192.062,17.0,4.0,-1,-1
1192.082,17.0,4.0,-1,-1
1192.102,17.0,4.0,-1,-1
1192.122,17.0,4.0,-1,-1
1192.142,17.0,4.0,-1,-1
1192.162,17.0,4.0,-1,-1
1192.182,17.0,4.0,-1,-1
1192.202,17.0,4.0,-1,-1
1192.222,17.0,4.0,-1,-1
1192.242,17.0,4.0,-1,-1
1192.262,17.0,4.0,-1,-1
1192.282,17.0,4.0,-1,-1
1192.302,17.0,4.0,-1,-1
1192.322,17.0,4.0,-1,-1
1192.342,17.0,4.0,-1,-1
1192.362,17.0,4.0,-1,-1
1192.382,17.0,4.0,-1,-1
1192.402,17.0,4.0,-1,-1
1192.422,17.0,4.0,-1,-1
1192.442,17.0,4.0,-1,-1
1192.462,17.0,4.0,-1,-1
1192.482,17.0,4.0,-1,-1
1192.502,17.0,4.0,-1,-1
1192.522,17.0,4.0,-1,-1
1192.542,17.0,4.0,-1,-1
1192.562,17.0,4.0,-1,-1
1192.582,17.0,4.0,-1,-1
1192.602,17.0,4.0,-1,-1
1192.622,17.0,4.0,-1,-1
1192.642,17.0,4.0,-1,-1
1192.662,17.0,4.0,-1,-1
1192.682,17.0,4.0,-1,-1
1192.702,17.0,4.0,-1,-1
1192.722,17.0,4.0,-1,-1
1192.742,17.0,4.0,-1,-1
1192.762,17.0,4.0,-1,-1
1192.782,17.0,4.0,-1,-1
1192.802,17.0,4.0,-1,-1
1192.822,17.0,4.0,-1,-1
1192.842,17.0,4.0,-1,-1
1192.862,17.0,4.0,-1,-1
1192.882,17.0,4.0,-1,-1
1192.902,17.0,4.0,-1,-1
1192.922,17.0,4.0,-1,-1
1192.942,17.0,4.0,-1,-1
1192.962,17.0,4.0,-1,-1
1192.982,17.0,4.0,-1,-1
1193.002,17.0,4.0,-1,-1
1193.022,17.0,4.0,-1,-1
1193.042,17.0,4.0,-1,-1
1193.062,17.0,4.0,-1,-1
1193.082,17.0,4.0,-1,-1
1193.102,17.0,4.0,-1,-1
1193.122,17.0,4.0,-1,-1
1193.142,17.0,4.0,-1,-1
1193.162,17.0,4.0,-1,-1
1193.182,17.0,4.0,-1,-1
1193.202,17.0,4.0,-1,-1
1193.222,17.0,4.0,-1,-1
1193.242,17.0,4.0,-1,-1
1193.262,17.0,4.0,-1,-1
1193.282,17.0,4.0,-1,-1
1193.302,17.0,4.0,-1,-1
1193.322,17.0,4.0,-1,-1
1193.342,17.0,4.0,-1,-1
1193.362,17.0,4.0,-1,-1
1193.382,17.0,4.0,-1,-1
1193.402,17.0,4.0,-1,-1
1193.422,17.0,4.0,-1,-1
1193.442,17.0,4.0,-1,-1
1193.462,17.0,4.0,-1,-1
1193.482,17.0,4.0,-1,-1
1193.502,17.0,4.0,-1,-1
1193.522,17.0,4.0,-1,-1
1193.542,17.0,4.0,-1,-1
1193.562,17.0,4.0,-1,-1
1193.582,17.0,4.0,-1,-1
1193.602,17.0,4.0,-1,-1
1193.622,17.0,4.0,-1,-1
1193.642,17.0,4.0,-1,-1
1193.662,17.0,4.0,-1,-1
1193.682,17.0,4.0,-1,-1
1193.702,17.0,4.0,-1,-1
1193.722,17.0,4.0,-1,-1
1193.742,17.0,4.0,-1,-1
1193.762,17.0,4.0,-1,-1
1193.782,17.0,4.0,-1,-1
1193.802,17.0,4.0,-1,-1
1193.822,17.0,4.0,-1,-1
1193.842,17.0,4.0,-1,-1
1193.862,17.0,4.0,-1,-1
1193.882,17.0,4.0,-1,-1
1193.902,17.0,4.0,-1,-1
1193.922,17.0,4.0,-1,-1
1193.942,17.0,4.0,-1,-1
1193.962,17.0,4.0,-1,-1
1193.982,17.0,4.0,-1,-1
1194.002,17.0,4.0,-1,-1
1194.022,17.0,4.0,-1,-1
1194.042,17.0,4.0,-1,-1
1194.062,17.0,4.0,-1,-1
1194.082,17.0,4.0,-1,-1
1194.102,17.0,4.0,-1,-1
1194.122,17.0,4.0,-1,-1
1194.142,17.0,4.0,-1,-1
1194.162,17.0,4.0,-1,-1
1194.182,17.0,4.0,-1,-1
1194.202,17.0,4.0,-1,-1
1194.222,17.0,4.0,-1,-1
1194.242,17.0,4.0,-1,-1
1194.262,17.0,4.0,-1,-1
1194.282,17.0,4.0,-1,-1
1194.302,17.0,4.0,-1,-1
1194.322,17.0,4.0,-1,-1
1194.342,17.0,4.0,-1,-1
1194.362,17.0,4.0,-1,-1
1194.382,17.0,4.0,-1,-1
1194.402,17.0,4.0,-1,-1
1194.422,17.0,4.0,-1,-1
1194.442,17.0,4.0,-1,-1
1194.462,17.0,4.0,-1,-1
1194.482,17.0,4.0,-1,-1
1194.502,17.0,4.0,-1,-1
1194.522,17.0,4.0,-1,-1
1194.542,17.0,4.0,-1,-1
1194.562,17.0,4.0,-1,-1
1194.582,17.0,4.0,-1,-1
1194.602,17.0,4.0,-1,-1
1194.622,17.0,4.0,-1,-1
1194.642,17.0,4.0,-1,-1
1194.662,17.0,4.0,-1,-1
1194.682,17.0,4.0,-1,-1
1194.702,17.0,4.0,-1,-1
1194.722,17.0,4.0,-1,-1
1194.742,17.0,4.0,-1,-1
1194.762,17.0,4.0,-1,-1
1194.782,17.0,4.0,-1,-1
1194.802,17.0,4.0,-1,-1
1194.822,17.0,4.0,-1,-1
1194.842,17.0,4.0,-1,-1
1194.862,17.0,4.0,-1,-1
1194.882,17.0,4.0,-1,-1
1194.902,17.0,4.0,-1,-1
1194.922,17.0,4.0,-1,-1
1194.942,17.0,4.0,-1,-1
1194.962,17.0,4.0,-1,-1
1194.982,17.0,4.0,-1,-1
1195.002,17.0,4.0,-1,-1
1195.022,17.0,4.0,-1,-1
1195.042,17.0,4.0,-1,-1
1195.062,17.0,4.0,-1,-1
1195.082,17.0,4.0,-1,-1
1195.102,17.0,4.0,-1,-1
1195.122,17.0,4.0,-1,-1
1195.142,17.0,4.0,-1,-1
1195.162,17.0,4.0,-1,-1
1195.182,17.0,4.0,-1,-1
1195.202,17.0,4.0,-1,-1
1195.222,17.0,4.0,-1,-1
1195.242,17.0,4.0,-1,-1
1195.262,17.0,4.0,-1,-1
1195.282,17.0,4.0,-1,-1
1195.302,17.0,4.0,-1,-1
1195.322,17.0,4.0,-1,-1
1195.342,17.0,4.0,-1,-1
1195.362,17.0,4.0,-1,-1
1195.382,17.0,4.0,-1,-1
1195.402,17.0,4.0,-1,-1
1195.422,17.0,4.0,-1,-1
1195.442,17.0,4.0,-1,-1
1195.462,17.0,4.0,-1,-1
1195.482,17.0,4.0,-1,-1
1195.502,17.0,4.0,-1,-1
1195.522,17.0,4.0,-1,-1
1195.542,17.0,4.0,-1,-1
1195.562,17.0,4.0,-1,-1
1195.582,17.0,4.0,-1,-1
1195.602,17.0,4.0,-1,-1
1195.622,17.0,4.0,-1,-1
1195.642,17.0,4.0,-1,-1
1195.662,17.0,4.0,-1,-1
1195.682,17.0,4.0,-1,-1
1195.702,17.0,4.0,-1,-1
1195.722,17.0,4.0,-1,-1
1195.742,17.0,4.0,0,-1
1195.762,17.0,4.0,0,-1
1195.782,17.0,4.0,0,-1
1195.802,17.0,4.0,0,-1
1195.822,17.0,4.0,0,-1
1195.842,17.0,4.0,0,-1
1195.862,17.0,4.0,0,-1
1195.882,17.0,4.0,0,-1
1195.902,17.0,4.0,0,-1
1195.922,17.0,4.0,0,-1
1195.942,17.0,4.0,0,-1
1195.962,17.0,4.0,0,-1
1195.982,17.0,4.0,0,-1
1196.002,17.0,4.0,0,-1
1196.022,17.0,4.0,0,-1
1196.042,17.0,4.0,0,-1
1196.062,17.0,4.0,0,-1
1196.082,17.0,4.0,-1,-1
1196.102,17.0,4.0,-1,-1
1196.122,17.0,4.0,-1,-1
1196.142,17.0,4.0,-1,-1
1196.162,17.0,4.0,-1,-1
1196.182,17.0,4.0,-1,-1
1196.202,17.0,4.0,-1,-1
1196.222,17.0,4.0,-1,-1
1196.242,17.0,4.0,-1,-1
1196.262,17.0,4.0,-1,-1
1196.282,17.0,4.0,-1,-1
1196.302,17.0,4.0,-1,-1
1196.322,17.0,4.0,-1,-1
1196.342,17.0,4.0,-1,-1
1196.362,17.0,4.0,-1,-1
1196.382,17.0,4.0,-1,-1
1196.402,17.0,4.0,-1,-1
1196.422,17.0,4.0,-1,-1
1196.442,17.0,4.0,-1,-1
1196.462,17.0,4.0,-1,-1
1196.482,17.0,4.0,-1,-1
1196.502,17.0,4.0,-1,-1
1196.522,17.0,4.0,-1,-1
1196.542,17.0,4.0,-1,-1
1196.562,17.0,4.0,-1,-1
1196.582,17.0,4.0,-1,-1
1196.602,17.0,4.0,-1,-1
1196.622,17.0,4.0,-1,-1
1196.642,17.0,4.0,-1,-1
1196.662,17.0,4.0,-1,-1
1196.682,17.0,4.0,-1,-1
1196.702,17.0,4.0,-1,-1
1196.722,17.0,4.0,-1,-1
1196.742,17.0,4.0,-1,-1
1196.762,17.0,4.0,-1,-1
1196.782,17.0,4.0,-1,-1
1196.802,17.0,4.0,-1,-1
1196.822,17.0,4.0,-1,-1
1196.842,17.0,4.0,-1,-1
1196.862,17.0,4.0,-1,-1
1196.882,17.0,4.0,-1,-1
1196.902,17.0,4.0,-1,-1
1196.922,17.0,4.0,-1,-1
1196.942,17.0,4.0,-1,-1
1196.962,17.0,4.0,-1,-1
1196.982,17.0,4.0,-1,-1
1197.002,17.0,4.0,-1,-1
1197.022,17.0,4.0,-1,-1
1197.042,17.0,4.0,-1,-1
1197.062,17.0,4.0,-1,-1
1197.082,17.0,4.0,-1,-1
1197.102,17.0,4.0,-1,-1
1197.122,17.0,4.0,-1,-1
1197.142,17.0,4.0,-1,-1
1197.162,17.0,4.0,-1,-1
1197.182,17.0,4.0,-1,-1
1197.202,17.0,4.0,-1,-1
1197.222,17.0,4.0,-1,-1
1197.242,17.0,4.0,-1,-1
1197.262,17.0,4.0,-1,-1
1197.282,17.0,4.0,-1,-1
1197.302,17.0,4.0,-1,-1
1197.322,17.0,4.0,-1,-1
1197.342,17.0,4.0,-1,-1
1197.362,17.0,4.0,-1,-1
1197.382,17.0,4.0,-1,-1
1197.402,17.0,4.0,-1,-1
1197.422,17.0,4.0,-1,-1
1197.442,17.0,4.0,-1,-1
1197.462,17.0,4.0,-1,-1
1197.482,17.0,4.0,-1,-1
1197.502,17.0,4.0,-1,-1
1197.522,17.0,4.0,-1,-1
1197.542,17.0,4.0,-1,-1
1197.562,17.0,4.0,-1,-1
1197.582,17.0,4.0,-1,-1
1197.602,17.0,4.0,-1,-1
1197.622,17.0,4.0,-1,-1
1197.642,17.0,4.0,-1,-1
1197.662,17.0,4.0,-1,-1
1197.682,17.0,4.0,-1,-1
1197.702,17.0,4.0,-1,-1
1197.722,17.0,4.0,-1,-1
1197.742,17.0,4.0,-1,-1
1197.762,17.0,4.0,-1,-1
1197.782,17.0,4.0,-1,-1
1197.802,17.0,4.0,-1,-1
1197.822,17.0,4.0,-1,-1
1197.842,17.0,4.0,-1,-1
1197.862,17.0,4.0,-1,-1
1197.882,17.0,4.0,-1,-1
1197.902,17.0,4.0,-1,-1
1197.922,17.0,4.0,-1,-1
1197.942,17.0,4.0,-1,-1
1197.962,17.0,4.0,-1,-1
1197.982,17.0,4.0,-1,-1
1198.002,17.0,4.0,-1,-1
1198.022,17.0,4.0,-1,-1
1198.042,17.0,4.0,-1,-1
1198.062,17.0,4.0,-1,-1
1198.082,17.0,4.0,-1,-1
1198.102,17.0,4.0,-1,-1
1198.122,17.0,4.0,-1,-1
1198.142,17.0,4.0,-1,-1
1198.162,17.0,4.0,-1,-1
1198.182,17.0,4.0,-1,-1
1198.202,17.0,4.0,-1,-1
1198.222,17.0,4.0,-1,-1
1198.242,17.0,4.0,-1,-1
1198.262,17.0,4.0,-1,-1
1198.282,17.0,4.0,-1,-1
1198.302,17.0,4.0,-1,-1
1198.322,17.0,4.0,-1,-1
1198.342,17.0,4.0,-1,-1
1198.362,17.0,4.0,-1,-1
1198.382,17.0,4.0,-1,-1
1198.402,17.0,4.0,-1,-1
1198.422,17.0,4.0,-1,-1
1198.442,17.0,4.0,-1,-1
1198.462,17.0,4.0,-1,-1
1198.482,17.0,4.0,-1,-1
1198.502,17.0,4.0,-1,-1
1198.522,17.0,4.0,-1,-1
1198.542,17.0,4.0,-1,-1
1198.562,17.0,4.0,-1,-1
1198.582,17.0,4.0,-1,-1
1198.602,17.0,4.0,-1,-1
1198.622,17.0,4.0,-1,-1
1198.642,17.0,4.0,-1,-1
1198.662,17.0,4.0,-1,-1
1198.682,17.0,4.0,-1,-1
1198.702,17.0,4.0,-1,-1
1198.722,17.0,4.0,-1,-1
1198.742,17.0,4.0,-1,-1
1198.762,17.0,4.0,-1,-1
1198.782,17.0,4.0,-1,-1
1198.802,17.0,4.0,-1,-1
1198.822,17.0,4.0,-1,-1
1198.842,17.0,4.0,-1,-1
1198.862,17.0,4.0,-1,-1
1198.882,17.0,4.0,-1,-1
1198.902,17.0,4.0,-1,-1
1198.922,17.0,4.0,-1,-1
1198.942,17.0,4.0,-1,-1
1198.962,17.0,4.0,-1,-1
1198.982,17.0,4.0,-1,-1
1199.002,17.0,4.0,-1,-1
1199.022,17.0,4.0,-1,-1
1199.042,17.0,4.0,-1,-1
1199.062,17.0,4.0,-1,-1
1199.082,17.0,4.0,-1,-1
1199.102,17.0,4.0,-1,-1
1199.122,17.0,4.0,-1,-1
1199.142,17.0,4.0,-1,-1
1199.162,17.0,4.0,-1,-1
1199.182,17.0,4.0,-1,-1
1199.202,17.0,4.0,-1,-1
1199.222,17.0,4.0,-1,-1
1199.242,17.0,4.0,-1,-1
1199.262,17.0,4.0,-1,-1
1199.282,17.0,4.0,-1,-1
1199.302,17.0,4.0,-1,-1
1199.322,17.0,4.0,-1,-1
1199.342,17.0,4.0,-1,-1
1199.362,17.0,4.0,-1,-1
1199.382,17.0,4.0,-1,-1
1199.402,17.0,4.0,-1,-1
1199.422,17.0,4.0,-1,-1
1199.442,17.0,4.0,-1,-1
1199.462,17.0,4.0,-1,-1
1199.482,17.0,4.0,-1,-1
1199.502,17.0,4.0,-1,-1
1199.522,17.0,4.0,-1,-1
1199.542,17.0,4.0,-1,-1
1199.562,17.0,4.0,-1,-1
1199.582,17.0,4.0,-1,-1
1199.602,17.0,4.0,-1,-1
1199.622,17.0,4.0,-1,-1
1199.642,17.0,4.0,-1,-1
1199.662,17.0,4.0,-1,-1
1199.682,17.0,4.0,-1,-1
1199.702,17.0,4.0,-1,-1
1199.722,17.0,4.0,-1,-1
1199.742,17.0,4.0,-1,-1
1199.762,17.0,4.0,-1,-1
1199.782,17.0,4.0,-1,-1
1199.802,17.0,4.0,-1,-1
1199.822,17.0,4.0,-1,-1
1199.842,17.0,4.0,-1,-1
1199.862,17.0,4.0,-1,-1
1199.882,17.0,4.0,-1,-1
1199.902,17.0,4.0,-1,-1
1199.922,17.0,4.0,-1,-1
1199.942,17.0,4.0,-1,-1
1199.962,17.0,4.0,-1,-1
1199.982,17.0,4.0,-1,-1
1200.002,17.0,4.0,-1,-1
1200.022,17.0,4.0,-1,-1
1200.042,17.0,4.0,-1,-1
1200.062,17.0,4.0,-1,-1
1200.082,17.0,4.0,-1,-1
1200.102,17.0,4.0,-1,-1
1200.122,17.0,4.0,-1,-1
1200.142,17.0,4.0,-1,-1
1200.162,17.0,4.0,-1,-1
1200.182,17.0,4.0,-1,-1
1200.202,17.0,4.0,-1,-1
1200.222,17.0,4.0,-1,-1
1200.242,17.0,4.0,-1,-1
1200.262,17.0,4.0,-1,-1
1200.282,17.0,4.0,-1,-1
1200.302,17.0,4.0,-1,-1
1200.322,17.0,4.0,-1,-1
1200.342,17.0,4.0,-1,-1
1200.362,17.0,4.0,-1,-1
1200.382,17.0,4.0,-1,-1
1200.402,17.0,4.0,-1,-1
1200.422,17.0,4.0,-1,-1
1200.442,17.0,4.0,-1,-1
1200.462,17.0,4.0,-1,-1
1200.482,17.0,4.0,-1,-1
1200.502,17.0,4.0,-1,-1
1200.522,17.0,4.0,-1,-1
1200.542,17.0,4.0,-1,-1
1200.562,17.0,4.0,-1,-1
1200.582,17.0,4.0,-1,-1
1200.602,17.0,4.0,-1,-1
1200.622,17.0,4.0,-1,-1
1200.642,17.0,4.0,-1,-1
1200.662,17.0,4.0,-1,-1
1200.682,17.0,4.0,-1,-1
1200.702,17.0,4.0,-1,-1
1200.722,17.0,4.0,-1,-1
1200.742,17.0,4.0,-1,-1
1200.762,17.0,4.0,-1,-1
1200.782,17.0,4.0,-1,-1
1200.802,17.0,4.0,-1,-1
1200.822,17.0,4.0,-1,-1
1200.842,17.0,4.0,-1,-1
1200.862,17.0,4.0,-1,-1
1200.882,17.0,4.0,-1,-1
1200.902,17.0,4.0,-1,-1
1200.922,17.0,4.0,-1,-1
1200.942,17.0,4.0,-1,-1
1200.962,17.0,4.0,-1,-1
1200.982,17.0,4.0,-1,-1
1201.002,17.0,4.0,-1,-1
1201.022,17.0,4.0,-1,-1
1201.042,17.0,4.0,-1,-1
1201.062,17.0,4.0,-1,-1
1201.082,17.0,4.0,-1,-1
1201.102,17.0,4.0,-1,-1
1201.122,17.0,4.0,-1,-1
1201.142,17.0,4.0,-1,-1
1201.162,17.0,4.0,-1,-1
1201.182,17.0,4.0,-1,-1
1201.202,17.0,4.0,-1,-1
1201.222,17.0,4.0,-1,-1
1201.242,17.0,4.0,-1,-1
1201.262,17.0,4.0,-1,-1
1201.282,17.0,4.0,-1,-1
1201.302,17.0,4.0,-1,-1
1201.322,17.0,4.0,-1,-1
1201.342,17.0,4.0,-1,-1
1201.362,17.0,4.0,-1,-1
1201.382,17.0,4.0,-1,-1
1201.402,17.0,4.0,-1,-1
1201.422,17.0,4.0,-1,-1
1201.442,17.0,4.0,-1,-1
1201.462,17.0,4.0,-1,-1
1201.482,17.0,4.0,-1,-1
1201.502,17.0,4.0,-1,-1
1201.522,17.0,4.0,-1,-1
1201.542,17.0,4.0,-1,-1
1201.562,17.0,4.0,-1,-1
1201.582,17.0,4.0,-1,-1
1201.602,17.0,4.0,-1,-1
1201.622,17.0,4.0,-1,-1
1201.642,17.0,4.0,-1,-1
1201.662,17.0,4.0,-1,-1
1201.682,17.0,4.0,-1,-1
1201.702,17.0,4.0,-1,-1
1201.722,17.0,4.0,-1,-1
1201.742,17.0,4.0,-1,-1
1201.762,17.0,4.0,-1,-1
1201.782,17.0,4.0,-1,-1
1201.802,17.0,4.0,-1,-1
1201.822,17.0,4.0,-1,-1
1201.842,17.0,4.0,-1,-1
1201.862,17.0,4.0,-1,-1
1201.882,17.0,4.0,-1,-1
1201.902,17.0,4.0,-1,-1
1201.922,17.0,4.0,-1,-1
1201.942,17.0,4.0,-1,-1
1201.962,17.0,4.0,-1,-1
1201.982,17.0,4.0,-1,-1
1202.002,17.0,4.0,-1,-1
1202.022,17.0,4.0,-1,-1
1202.042,17.0,4.0,-1,-1
1202.062,17.0,4.0,-1,-1
1202.082,17.0,4.0,-1,-1
1202.102,17.0,4.0,-1,-1
1202.122,17.0,4.0,-1,-1
1202.142,17.0,4.0,-1,-1
1202.162,17.0,4.0,-1,-1
1202.182,17.0,4.0,-1,-1
1202.202,17.0,4.0,-1,-1
1202.222,17.0,4.0,-1,-1
1202.242,17.0,4.0,-1,-1
1202.262,17.0,4.0,-1,-1
1202.282,17.0,4.0,-1,-1
1202.302,17.0,4.0,-1,-1
1202.322,17.0,4.0,-1,-1
1202.342,17.0,4.0,-1,-1
1202.362,17.0,4.0,-1,-1
1202.382,17.0,4.0,-1,-1
1202.402,17.0,4.0,-1,-1
1202.422,17.0,4.0,-1,-1
1202.442,17.0,4.0,-1,-1
1202.462,17.0,4.0,-1,-1
1202.482,17.0,4.0,-1,-1
1202.502,17.0,4.0,-1,-1
1202.522,17.0,4.0,-1,-1
1202.542,17.0,4.0,-1,-1
1202.562,17.0,4.0,-1,-1
1202.582,17.0,4.0,-1,-1
1202.602,17.0,4.0,-1,-1
1202.622,17.0,4.0,-1,-1
1202.642,17.0,4.0,-1,-1
1202.662,17.0,4.0,-1,-1
1202.682,17.0,4.0,-1,-1
1202.702,17.0,4.0,-1,-1
1202.722,17.0,4.0,-1,-1
1202.742,17.0,4.0,-1,-1
1202.762,17.0,4.0,-1,-1
1202.782,17.0,4.0,-1,-1
1202.802,17.0,4.0,-1,-1
1202.822,17.0,4.0,-1,-1
1202.842,17.0,4.0,-1,-1
1202.862,17.0,4.0,-1,-1
1202.882,17.0,4.0,-1,-1
1202.902,17.0,4.0,-1,-1
1202.922,17.0,4.0,-1,-1
1202.942,17.0,4.0,-1,-1
1202.962,17.0,4.0,-1,-1
1202.982,17.0,4.0,-1,-1
1203.002,17.0,4.0,-1,-1
1203.022,17.0,4.0,-1,-1
1203.042,17.0,4.0,-1,-1
1203.062,17.0,4.0,-1,-1
1203.082,17.0,4.0,-1,-1
1203.102,17.0,4.0,-1,-1
1203.122,17.0,4.0,-1,-1
1203.142,17.0,4.0,-1,-1
1203.162,17.0,4.0,-1,-1
1203.182,17.0,4.0,-1,-1
1203.202,17.0,4.0,-1,-1
1203.222,17.0,4.0,-1,-1
1203.242,17.0,4.0,-1,-1
1203.262,17.0,4.0,-1,-1
1203.282,17.0,4.0,-1,-1
1203.302,17.0,4.0,-1,-1
1203.322,17.0,4.0,-1,-1
1203.342,17.0,4.0,-1,-1
1203.362,17.0,4.0,-1,-1
1203.382,17.0,4.0,-1,-1
