p0x,p0y,p0z,p0xq,p0yq,p0zq,p0wq,hA0x,hA0y,hA0z,hA0xq,hA0yq,hA0zq,hA0wq,t0x,t0y,t0z,t0xq,t0yq,t0zq,t0wq,t0xv,t0yv,t0zv,t0ct,t0run,t1x,t1y,t1z,t1xq,t1yq,t1zq,t1wq,t1xv,t1yv,t1zv,t1ct,t1run,t2x,t2y,t2z,t2xq,t2yq,t2zq,t2wq,t2xv,t2yv,t2zv,t2ct,t2run,t3x,t3y,t3z,t3xq,t3yq,t3zq,t3wq,t3xv,t3yv,t3zv,t3ct,t3run,t4x,t4y,t4z,t4xq,t4yq,t4zq,t4wq,t4xv,t4yv,t4zv,t4ct,t4run,cZxpos,cZy,cZz,time
26.07043,1,-35.65813,0,-0.2156025,0,0.9764813,-47.3013,1,5.709852,0,-0.3613005,0,0.9324495,-12.8102,0.5,-8.78507,0,0,0,1,0,0,6.612017E-22,False,False,-24.55889,0.5,-23.85386,0,0,0,1,0,0,6.612017E-22,False,False,10.43308,0.5,-7.546801,0,0,0,1,0,0,6.608521E-22,False,False,-16.28002,0.5,15.99538,0,0,0,1,0,0,6.612017E-22,False,False,-20.53752,0.5,-20.94372,0,0,0,1,0,0,6.608521E-22,False,False,0,0.2,0,3.093439
26.07043,1,-35.65813,0,-0.2156025,0,0.9764813,-47.3013,1,5.709852,0,-0.3613005,0,0.9324495,-12.8102,0.5,-8.78507,0,0,0,1,0,0,6.608316E-22,False,False,-24.55889,0.5,-23.85386,0,0,0,1,0,0,6.608057E-22,False,False,10.43308,0.5,-7.546801,0,0,0,1,0,0,6.604699E-22,False,False,-16.28002,0.5,15.99538,0,0,0,1,0,0,6.608057E-22,False,False,-20.53752,0.5,-20.94372,0,0,0,1,0,0,6.604957E-22,False,False,0,0.2,0,3.113439
26.07043,1,-35.65813,0,-0.2156025,0,0.9764813,-47.3013,1,5.709852,0,-0.7995664,0,0.6005778,-12.8102,0.5,-8.78507,0,0,0,1,0,0,6.59429E-22,False,False,-24.55889,0.5,-23.85386,0,0,0,1,0,0,6.593774E-22,False,False,10.43308,0.5,-7.546801,0,0,0,1,0,0,6.590552E-22,False,False,-16.28002,0.5,15.99538,0,0,0,1,0,0,6.594033E-22,False,False,-20.53752,0.5,-20.94372,0,0,0,1,0,0,6.590551E-22,False,False,0,0.2,0,3.133439
26.07043,1,-35.65813,0,-0.2156025,0,0.9764813,-47.3013,1,5.709852,0,-0.9248174,0,0.3804114,-12.8102,0.5,-8.78507,0,0,0,1,0,0,6.580062E-22,False,False,-24.55889,0.5,-23.85386,0,0,0,1,0,0,6.579548E-22,False,False,10.43308,0.5,-7.546801,0,0,0,1,0,0,6.576463E-22,False,False,-16.28002,0.5,15.99538,0,0,0,1,0,0,6.580064E-22,False,False,-20.53752,0.5,-20.94372,0,0,0,1,0,0,6.575945E-22,False,False,0,0.2,0,3.153439
26.07043,1,-35.65813,0,-0.2156025,0,0.9764813,-47.3013,1,5.709852,0,-0.9746835,0,0.2235893,-12.8102,0.5,-8.78507,0,0,0,1,0,0,6.565891E-22,False,False,-24.55889,0.5,-23.85386,0,0,0,1,0,0,6.565896E-22,False,False,10.43308,0.5,-7.546801,0,0,0,1,0,0,6.562429E-22,False,False,-16.28002,0.5,15.99538,0,0,0,1,0,0,6.56641E-22,False,False,-20.53752,0.5,-20.94372,0,0,0,1,0,0,6.562172E-22,False,False,0,0.2,0,3.173439
26.07043,1,-35.65813,0,-0.2156025,0,0.9764813,-47.3013,1,5.709852,0,-0.9920951,0,0.1254885,-12.8102,0.5,-8.78507,0,0,0,1,0,0,6.552035E-22,False,False,-24.55889,0.5,-23.85386,0,0,0,1,0,0,6.551782E-22,False,False,10.43308,0.5,-7.546801,0,0,0,1,0,0,6.547935E-22,False,False,-16.28002,0.5,15.99538,0,0,0,1,0,0,6.552293E-22,False,False,-20.53752,0.5,-20.94372,0,0,0,1,0,0,6.547678E-22,False,False,0,0.2,0,3.193439
26.07043,1,-35.65813,0,-0.2156025,0,0.9764813,-47.3013,1,5.709852,0,-0.9980096,0,0.06306237,-12.8102,0.5,-8.78507,0,0,0,1,0,0,6.537976E-22,False,False,-24.55889,0.5,-23.85386,0,0,0,1,0,0,6.537724E-22,False,False,10.43308,0.5,-7.546801,0,0,0,1,0,0,6.534015E-22,False,False,-16.28002,0.5,15.99538,0,0,0,1,0,0,6.53875E-22,False,False,-20.53752,0.5,-20.94372,0,0,0,1,0,0,6.534019E-22,False,False,0,0.2,0,3.213439
26.07043,1,-35.65813,0,-0.2156025,0,0.9764813,-47.3013,1,5.709852,0,-0.9997441,0,0.02262511,-12.8102,0.5,-8.78507,0,0,0,1,0,0,6.523974E-22,False,False,-24.55889,0.5,-23.85386,0,0,0,1,0,0,6.523722E-22,False,False,10.43308,0.5,-7.546801,0,0,0,1,0,0,6.520152E-22,False,False,-16.28002,0.5,15.99538,0,0,0,1,0,0,6.524745E-22,False,False,-20.53752,0.5,-20.94372,0,0,0,1,0,0,6.519638E-22,False,False,0,0.2,0,3.233439
26.07043,1,-35.65813,0,-0.2156025,0,0.9764813,-47.3013,1,5.709852,0,-0.9999914,0,-0.004155503,-12.8102,0.5,-8.78507,0,0,0,1,0,0,6.510027E-22,False,False,-24.55889,0.5,-23.85386,0,0,0,1,0,0,6.509777E-22,False,False,10.43308,0.5,-7.546801,0,0,0,1,0,0,6.506343E-22,False,False,-16.28002,0.5,15.99538,0,0,0,1,0,0,6.511312E-22,False,False,-20.53752,0.5,-20.94372,0,0,0,1,0,0,6.50609E-22,False,False,0,0.2,0,3.253439
26.07043,1,-35.65813,0,-0.2156025,0,0.9764813,-47.3013,1,5.709852,0,-0.9997532,0,-0.02221873,-12.8102,0.5,-8.78507,0,0,0,1,0,0,6.496136E-22,False,False,-24.55889,0.5,-23.85386,0,0,0,1,0,0,6.495887E-22,False,False,10.43308,0.5,-7.546801,0,0,0,1,0,0,6.492073E-22,False,False,-16.28002,0.5,15.99538,0,0,0,1,0,0,6.497416E-22,False,False,-20.53752,0.5,-20.94372,0,0,0,1,0,0,6.491821E-22,False,False,0,0.2,0,3.273439
26.07043,1,-35.65813,0,-0.2156025,0,0.9764813,-47.3013,1,5.709852,0,-0.9994021,0,-0.03457709,-12.8102,0.5,-8.78507,0,0,0,1,0,0,6.482301E-22,False,False,-24.55889,0.5,-23.85386,0,0,0,1,0,0,6.482052E-22,False,False,10.43308,0.5,-7.546801,0,0,0,1,0,0,6.478377E-22,False,False,-16.28002,0.5,15.99538,0,0,0,1,0,0,6.483575E-22,False,False,-20.53752,0.5,-20.94372,0,0,0,1,0,0,6.478126E-22,False,False,0,0.2,0,3.293439
26.07043,1,-35.65813,0,-0.2156025,0,0.9764813,-47.3013,1,5.709852,0,-0.9990698,0,-0.04312264,-12.8102,0.5,-8.78507,0,0,0,1,0,0,6.468521E-22,False,False,-24.55889,0.5,-23.85386,0,0,0,1,0,0,6.467756E-22,False,False,10.43308,0.5,-7.546801,0,0,0,1,0,0,6.464736E-22,False,False,-16.28002,0.5,15.99538,0,0,0,1,0,0,6.46979E-22,False,False,-20.53752,0.5,-20.94372,0,0,0,1,0,0,6.463969E-22,False,False,0,0.2,0,3.313439
26.07043,1,-35.65813,0,-0.2156025,0,0.9764813,-47.3013,1,5.709852,0,-0.998795,0,-0.04907795,-12.8102,0.5,-8.78507,0,0,0,1,0,0,6.455054E-22,False,False,-24.55889,0.5,-23.85386,0,0,0,1,0,0,6.454551E-22,False,False,10.43308,0.5,-7.546801,0,0,0,1,0,0,6.451149E-22,False,False,-16.28002,0.5,15.99538,0,0,0,1,0,0,6.455543E-22,False,False,-20.53752,0.5,-20.94372,0,0,0,1,0,0,6.450644E-22,False,False,0,0.2,0,3.333439
26.07043,1,-35.65813,0,-0.2156025,0,0.9764813,-47.3013,1,5.709852,0,-0.9985811,0,-0.05325153,-12.8102,0.5,-8.78507,0,0,0,1,0,0,6.441125E-22,False,False,-24.55889,0.5,-23.85386,0,0,0,1,0,0,6.440882E-22,False,False,10.43308,0.5,-7.546801,0,0,0,1,0,0,6.4371E-22,False,False,-16.28002,0.5,15.99538,0,0,0,1,0,0,6.442387E-22,False,False,-20.53752,0.5,-20.94372,0,0,0,1,0,0,6.436855E-22,False,False,0,0.2,0,3.353439
26.07043,1,-35.65813,0,-0.2156025,0,0.9764813,-47.3013,1,5.709852,0,-0.9984202,0,-0.05618828,-12.8102,0.5,-8.78507,0,0,0,1,0,0,6.427509E-22,False,False,-24.55889,0.5,-23.85386,0,0,0,1,0,0,6.427268E-22,False,False,10.43308,0.5,-7.546801,0,0,0,1,0,0,6.423624E-22,False,False,-16.28002,0.5,15.99538,0,0,0,1,0,0,6.428767E-22,False,False,-20.53752,0.5,-20.94372,0,0,0,1,0,0,6.422863E-22,False,False,0,0.2,0,3.373439
26.07043,1,-35.65813,0,-0.2156025,0,0.9764813,-47.3013,1,5.709852,0,-0.9983014,0,-0.05826084,-12.8102,0.5,-8.78507,0,0,0,1,0,0,6.414207E-22,False,False,-24.55889,0.5,-23.85386,0,0,0,1,0,0,6.413708E-22,False,False,10.43308,0.5,-7.546801,0,0,0,1,0,0,6.409685E-22,False,False,-16.28002,0.5,15.99538,0,0,0,1,0,0,6.415201E-22,False,False,-20.53752,0.5,-20.94372,0,0,0,1,0,0,6.409444E-22,False,False,0,0.2,0,3.393439
26.07043,1,-35.65813,0,-0.2156025,0,0.9764813,-47.3013,1,5.709852,0,-0.9982148,0,-0.05972652,-12.8102,0.5,-8.78507,0,0,0,1,0,0,6.400441E-22,False,False,-24.55889,0.5,-23.85386,0,0,0,1,0,0,6.400202E-22,False,False,10.43308,0.5,-7.546801,0,0,0,1,0,0,6.396319E-22,False,False,-16.28002,0.5,15.99538,0,0,0,1,0,0,6.401689E-22,False,False,-20.53752,0.5,-20.94372,0,0,0,1,0,0,6.395562E-22,False,False,0,0.2,0,3.413439
26.07043,1,-35.65813,0,-0.2156025,0,0.9764813,-47.3013,1,5.709852,0,-0.9981522,0,-0.06076453,-12.8102,0.5,-8.78507,0,0,0,1,0,0,6.387246E-22,False,False,-24.55889,0.5,-23.85386,0,0,0,1,0,0,6.385975E-22,False,False,10.43308,0.5,-7.546801,0,0,0,1,0,0,6.383006E-22,False,False,-16.28002,0.5,15.99538,0,0,0,1,0,0,6.387714E-22,False,False,-20.53752,0.5,-20.94372,0,0,0,1,0,0,6.382252E-22,False,False,0,0.2,0,3.433439
26.07043,1,-35.65813,0,-0.2156025,0,0.9764813,-47.3013,1,5.709852,0,-0.9981071,0,-0.06150046,-12.8102,0.5,-8.78507,0,0,0,1,0,0,6.373588E-22,False,False,-24.55889,0.5,-23.85386,0,0,0,1,0,0,6.373097E-22,False,False,10.43308,0.5,-7.546801,0,0,0,1,0,0,6.36923E-22,False,False,-16.28002,0.5,15.99538,0,0,0,1,0,0,6.37483E-22,False,False,-20.53752,0.5,-20.94372,0,0,0,1,0,0,6.368478E-22,False,False,0,0.2,0,3.453439
26.07043,1,-35.65813,0,-0.2143241,0,0.9767627,-47.3013,1,5.709852,0,-0.9980748,0,-0.06202259,-12.8102,0.5,-8.78507,0,0,0,1,0,0,6.359984E-22,False,False,-24.55889,0.5,-23.85386,0,0,0,1,0,0,6.359754E-22,False,False,10.43308,0.5,-7.546801,0,0,0,1,0,0,6.356025E-22,False,False,-16.28002,0.5,15.99538,0,0,0,1,0,0,6.361221E-22,False,False,-20.53752,0.5,-20.94372,0,0,0,1,0,0,6.355535E-22,False,False,0,0.2,0,3.473439
26.07043,1,-35.65813,0,-0.2066461,0,0.9784158,-47.3013,1,5.709852,0,-0.9980517,0,-0.06239321,-12.8102,0.5,-8.78507,0,0,0,1,0,0,0,False,False,-24.55889,0.5,-23.85386,0,0,0,1,0,0,0,False,False,10.43308,0.5,-7.546801,0,0,0,1,0,0,0,False,False,-16.28002,0.5,15.99538,0,0,0,1,0,0,0,False,False,-20.53752,0.5,-20.94372,0,0,0,1,0,0,0,False,False,0,0.2,0,3.493439
26.07043,1,-35.65813,0,-0.1899673,0,0.9817905,-47.3013,1,5.709852,0,-0.9980352,0,-0.06265643,-12.8102,0.5,-8.78507,0,0,0,1,0,0,0,False,False,-24.55889,0.5,-23.85386,0,0,0,1,0,0,0,False,False,10.43308,0.5,-7.546801,0,0,0,1,0,0,0,False,False,-16.28002,0.5,15.99538,0,0,0,1,0,0,0,False,False,-20.53752,0.5,-20.94372,0,0,0,1,0,0,0,False,False,0,0.2,0,3.513439
26.07043,1,-35.65813,0,-0.1689345,0,0.9856274,-47.3013,1,5.709852,0,-0.9980235,0,-0.06284343,-12.8102,0.5,-8.78507,0,0,0,1,0,0,0,False,False,-24.55889,0.5,-23.85386,0,0,0,1,0,0,0,False,False,10.43308,0.5,-7.546801,0,0,0,1,0,0,0,False,False,-16.28002,0.5,15.99538,0,0,0,1,0,0,0,False,False,-20.53752,0.5,-20.94372,0,0,0,1,0,0,0,False,False,0,0.2,0,3.533439
26.07043,1,-35.65813,0,-0.142644,0,0.989774,-47.3013,1,5.709852,0,-0.9980151,0,-0.06297626,-12.8102,0.5,-8.78507,0,0,0,1,0,0,0,False,False,-24.55889,0.5,-23.85386,0,0,0,1,0,0,0,False,False,10.43308,0.5,-7.546801,0,0,0,1,0,0,0,False,False,-16.28002,0.5,15.99538,0,0,0,1,0,0,0,False,False,-20.53752,0.5,-20.94372,0,0,0,1,0,0,0,False,False,0,0.2,0,3.553439
26.07043,1,-35.65813,0,-0.07716931,0,0.997018,-47.3013,1,5.709852,0,-0.9980091,0,-0.06307065,-12.8102,0.5,-8.78507,0,0,0,1,0,0,0,False,False,-24.55889,0.5,-23.85386,0,0,0,1,0,0,0,False,False,10.43308,0.5,-7.546801,0,0,0,1,0,0,0,False,False,-16.28002,0.5,15.99538,0,0,0,1,0,0,0,False,False,-20.53752,0.5,-20.94372,0,0,0,1,0,0,0,False,False,0,0.2,0,3.573439
26.07043,1,-35.65813,0,-0.05496544,0,0.9984883,-47.3013,1,5.709852,0,-0.9980048,0,-0.06313774,-12.8102,0.5,-8.78507,0,0,0,1,0,0,0,False,False,-24.55889,0.5,-23.85386,0,0,0,1,0,0,0,False,False,10.43308,0.5,-7.546801,0,0,0,1,0,0,0,False,False,-16.28002,0.5,15.99538,0,0,0,1,0,0,0,False,False,-20.53752,0.5,-20.94372,0,0,0,1,0,0,0,False,False,0,0.2,0,3.593439
26.07043,1,-35.65813,0,-0.03796707,0,0.999279,-47.3013,1,5.709852,0,-0.9980018,0,-0.06318545,-12.8102,0.5,-8.78507,0,0,0,1,0,0,0,False,False,-24.55889,0.5,-23.85386,0,0,0,1,0,0,0,False,False,10.43308,0.5,-7.546801,0,0,0,1,0,0,0,False,False,-16.28002,0.5,15.99538,0,0,0,1,0,0,0,False,False,-20.53752,0.5,-20.94372,0,0,0,1,0,0,0,False,False,0,0.2,0,3.613439
26.07043,1,-35.65813,0,-0.02880923,0,0.999585,-47.3013,1,5.709852,0,-0.9979997,0,-0.06321929,-12.8102,0.5,-8.78507,0,0,0,1,0,0,0,False,False,-24.55889,0.5,-23.85386,0,0,0,1,0,0,0,False,False,10.43308,0.5,-7.546801,0,0,0,1,0,0,0,False,False,-16.28002,0.5,15.99538,0,0,0,1,0,0,0,False,False,-20.53752,0.5,-20.94372,0,0,0,1,0,0,0,False,False,0,0.2,0,3.633439
26.07043,1,-35.65813,0,-0.0266284,0,0.9996454,-47.3013,1,5.709852,0,-0.9979982,0,-0.0632434,-12.8102,0.5,-8.78507,0,0,0,1,0,0,0,False,False,-24.55889,0.5,-23.85386,0,0,0,1,0,0,0,False,False,10.43308,0.5,-7.546801,0,0,0,1,0,0,0,False,False,-16.28002,0.5,15.99538,0,0,0,1,0,0,0,False,False,-20.53752,0.5,-20.94372,0,0,0,1,0,0,0,False,False,0,0.2,0,3.653439
26.07043,1,-35.65813,0,-0.02793691,0,0.9996097,-47.3013,1,5.709852,0,-0.9979971,0,-0.06326053,-12.8102,0.5,-8.78507,0,0,0,1,0,0,0,False,False,-24.55889,0.5,-23.85386,0,0,0,1,0,0,0,False,False,10.43308,0.5,-7.546801,0,0,0,1,0,0,0,False,False,-16.28002,0.5,15.99538,0,0,0,1,0,0,0,False,False,-20.53752,0.5,-20.94372,0,0,0,1,0,0,0,False,False,0,0.2,0,3.673439
26.07043,1,-35.65813,0,-0.03491477,0,0.9993903,-47.3013,1,5.709852,0,-0.9979963,0,-0.06327274,-12.8102,0.5,-8.78507,0,0,0,1,0,0,0,False,False,-24.55889,0.5,-23.85386,0,0,0,1,0,0,0,False,False,10.43308,0.5,-7.546801,0,0,0,1,0,0,0,False,False,-16.28002,0.5,15.99538,0,0,0,1,0,0,0,False,False,-20.53752,0.5,-20.94372,0,0,0,1,0,0,0,False,False,0,0.2,0,3.693439
26.07043,1,-35.65813,0,-0.04930084,0,0.998784,-47.3013,1,5.709852,0,-0.9979958,0,-0.0632814,-12.8102,0.5,-8.78507,0,0,0,1,0,0,0,False,False,-24.55889,0.5,-23.85386,0,0,0,1,0,0,0,False,False,10.43308,0.5,-7.546801,0,0,0,1,0,0,0,False,False,-16.28002,0.5,15.99538,0,0,0,1,0,0,0,False,False,-20.53752,0.5,-20.94372,0,0,0,1,0,0,0,False,False,0,0.2,0,3.713439
26.07043,1,-35.65813,0,-0.07064223,0,0.9975018,-47.3013,1,5.709852,0,-0.9979954,0,-0.0632875,-12.8102,0.5,-8.78507,0,0,0,1,0,0,0,False,False,-24.55889,0.5,-23.85386,0,0,0,1,0,0,0,False,False,10.43308,0.5,-7.546801,0,0,0,1,0,0,0,False,False,-16.28002,0.5,15.99538,0,0,0,1,0,0,0,False,False,-20.53752,0.5,-20.94372,0,0,0,1,0,0,0,False,False,0,0.2,0,3.733439
26.07043,1,-35.65813,0,-0.1015056,0,0.994835,-47.3013,1,5.709852,0,-0.9979951,0,-0.06329188,-12.8102,0.5,-8.78507,0,0,0,1,0,0,0,False,False,-24.55889,0.5,-23.85386,0,0,0,1,0,0,0,False,False,10.43308,0.5,-7.546801,0,0,0,1,0,0,0,False,False,-16.28002,0.5,15.99538,0,0,0,1,0,0,0,False,False,-20.53752,0.5,-20.94372,0,0,0,1,0,0,0,False,False,0,0.2,0,3.753439
26.07043,1,-35.65813,0,-0.1555876,0,0.9878221,-47.3013,1,5.709852,0,-0.997995,0,-0.06329497,-12.8102,0.5,-8.78507,0,0,0,1,0,0,0,False,False,-24.55889,0.5,-23.85386,0,0,0,1,0,0,0,False,False,10.43308,0.5,-7.546801,0,0,0,1,0,0,0,False,False,-16.28002,0.5,15.99538,0,0,0,1,0,0,0,False,False,-20.53752,0.5,-20.94372,0,0,0,1,0,0,0,False,False,0,0.2,0,3.773439
26.07043,1,-35.65813,0,-0.2410899,0,0.9705028,-47.3013,1,5.709852,0,-0.9979947,0,-0.06329723,-12.8102,0.5,-8.78507,0,0,0,1,0,0,0,False,False,-24.55889,0.5,-23.85386,0,0,0,1,0,0,0,False,False,10.43308,0.5,-7.546801,0,0,0,1,0,0,0,False,False,-16.28002,0.5,15.99538,0,0,0,1,0,0,0,False,False,-20.53752,0.5,-20.94372,0,0,0,1,0,0,0,False,False,0,0.2,0,3.793439
26.07043,1,-35.65813,0,-0.291969,0,0.9564278,-47.3013,1,5.709852,0,-0.9979947,0,-0.06329876,-12.8102,0.5,-8.78507,0,0,0,1,0,0,0,False,False,-24.55889,0.5,-23.85386,0,0,0,1,0,0,0,False,False,10.43308,0.5,-7.546801,0,0,0,1,0,0,0,False,False,-16.28002,0.5,15.99538,0,0,0,1,0,0,0,False,False,-20.53752,0.5,-20.94372,0,0,0,1,0,0,0,False,False,0,0.2,0,3.813439
26.07043,1,-35.65813,0,-0.3420345,0,0.9396874,-47.3013,1,5.709852,0,-0.9979946,0,-0.06329989,-12.8102,0.5,-8.78507,0,0,0,1,0,0,0,False,False,-24.55889,0.5,-23.85386,0,0,0,1,0,0,0,False,False,10.43308,0.5,-7.546801,0,0,0,1,0,0,0,False,False,-16.28002,0.5,15.99538,0,0,0,1,0,0,0,False,False,-20.53752,0.5,-20.94372,0,0,0,1,0,0,0,False,False,0,0.2,0,3.833439
26.07043,1,-35.65813,0,-0.3879319,0,0.9216881,-47.3013,1,5.709852,0,-0.9979945,0,-0.06330069,-12.8102,0.5,-8.78507,0,0,0,1,0,0,0,False,False,-24.55889,0.5,-23.85386,0,0,0,1,0,0,0,False,False,10.43308,0.5,-7.546801,0,0,0,1,0,0,0,False,False,-16.28002,0.5,15.99538,0,0,0,1,0,0,0,False,False,-20.53752,0.5,-20.94372,0,0,0,1,0,0,0,False,False,0,0.2,0,3.853439
26.07043,1,-35.65813,0,-0.4261879,0,0.9046347,-47.3013,1,5.709852,0,-0.9979945,0,-0.06330125,-12.8102,0.5,-8.78507,0,0,0,1,0,0,0,False,False,-24.55889,0.5,-23.85386,0,0,0,1,0,0,0,False,False,10.43308,0.5,-7.546801,0,0,0,1,0,0,0,False,False,-16.28002,0.5,15.99538,0,0,0,1,0,0,0,False,False,-20.53752,0.5,-20.94372,0,0,0,1,0,0,0,False,False,0,0.2,0,3.873439
26.07043,1,-35.65813,0,-0.4787053,0,0.8779757,-47.3013,1,5.709852,0,-0.9979945,0,-0.06330165,-12.8102,0.5,-8.78507,0,0,0,1,0,0,0,False,False,-24.55889,0.5,-23.85386,0,0,0,1,0,0,0,False,False,10.43308,0.5,-7.546801,0,0,0,1,0,0,0,False,False,-16.28002,0.5,15.99538,0,0,0,1,0,0,0,False,False,-20.53752,0.5,-20.94372,0,0,0,1,0,0,0,False,False,0,0.2,0,3.893439
26.07043,1,-35.65813,0,-0.4988792,0,0.8666716,-47.3013,1,5.709852,0,-0.9979945,0,-0.06330197,-12.8102,0.5,-8.78507,0,0,0,1,0,0,0,False,False,-24.55889,0.5,-23.85386,0,0,0,1,0,0,0,False,False,10.43308,0.5,-7.546801,0,0,0,1,0,0,0,False,False,-16.28002,0.5,15.99538,0,0,0,1,0,0,0,False,False,-20.53752,0.5,-20.94372,0,0,0,1,0,0,0,False,False,0,0.2,0,3.913439
26.07043,1,-35.65813,0,-0.5131799,0,0.8582811,-47.3013,1,5.709852,0,-0.9979945,0,-0.06330215,-12.8102,0.5,-8.78507,0,0,0,1,0,0,0,False,False,-24.55889,0.5,-23.85386,0,0,0,1,0,0,0,False,False,10.43308,0.5,-7.546801,0,0,0,1,0,0,0,False,False,-16.28002,0.5,15.99538,0,0,0,1,0,0,0,False,False,-20.53752,0.5,-20.94372,0,0,0,1,0,0,0,False,False,0,0.2,0,3.933439
26.07043,1,-35.65813,0,-0.5251133,0,0.8510323,-47.3013,1,5.709852,0,-0.9979945,0,-0.06330226,-12.8102,0.5,-8.78507,0,0,0,1,0,0,0,False,False,-24.55889,0.5,-23.85386,0,0,0,1,0,0,0,False,False,10.43308,0.5,-7.546801,0,0,0,1,0,0,0,False,False,-16.28002,0.5,15.99538,0,0,0,1,0,0,0,False,False,-20.53752,0.5,-20.94372,0,0,0,1,0,0,0,False,False,0,0.2,0,3.953439
26.07043,1,-35.65813,0,-0.5358397,0,0.8443198,-47.3013,1,5.709852,0,-0.9979945,0,-0.06330237,-12.8102,0.5,-8.78507,0,0,0,1,0,0,0,False,False,-24.55889,0.5,-23.85386,0,0,0,1,0,0,0,False,False,10.43308,0.5,-7.546801,0,0,0,1,0,0,0,False,False,-16.28002,0.5,15.99538,0,0,0,1,0,0,0,False,False,-20.53752,0.5,-20.94372,0,0,0,1,0,0,0,False,False,0,0.2,0,3.973439
26.07043,1,-35.65813,0,-0.5402532,0,0.8415025,-47.3013,1,5.709852,0,-0.9979945,0,-0.06330246,-12.8102,0.5,-8.78507,0,0,0,1,0,0,0,False,False,-24.55889,0.5,-23.85386,0,0,0,1,0,0,0,False,False,10.43308,0.5,-7.546801,0,0,0,1,0,0,0,False,False,-16.28002,0.5,15.99538,0,0,0,1,0,0,0,False,False,-20.53752,0.5,-20.94372,0,0,0,1,0,0,0,False,False,0,0.2,0,3.993439
26.07043,1,-35.65813,0,-0.5398859,0,0.8417382,-47.3013,1,5.709852,0,-0.9979945,0,-0.06330252,-12.8102,0.5,-8.78507,0,0,0,1,0,0,0,False,False,-24.55889,0.5,-23.85386,0,0,0,1,0,0,0,False,False,10.43308,0.5,-7.546801,0,0,0,1,0,0,0,False,False,-16.28002,0.5,15.99538,0,0,0,1,0,0,0,False,False,-20.53752,0.5,-20.94372,0,0,0,1,0,0,0,False,False,0,0.2,0,4.013439
26.07043,1,-35.65813,0,-0.5398859,0,0.8417382,-47.3013,1,5.709852,0,-0.9979945,0,-0.06330258,-12.8102,0.5,-8.78507,0,0,0,1,0,0,0,False,False,-24.55889,0.5,-23.85386,0,0,0,1,0,0,0,False,False,10.43308,0.5,-7.546801,0,0,0,1,0,0,0,False,False,-16.28002,0.5,15.99538,0,0,0,1,0,0,0,False,False,-20.53752,0.5,-20.94372,0,0,0,1,0,0,0,False,False,0,0.2,0,4.033439
26.07043,1,-35.65813,0,-0.5398859,0,0.8417382,-47.3013,1,5.709852,0,-0.9979944,0,-0.06330263,-12.8102,0.5,-8.78507,0,0,0,1,0,0,0,False,False,-24.55889,0.5,-23.85386,0,0,0,1,0,0,0,False,False,10.43308,0.5,-7.546801,0,0,0,1,0,0,0,False,False,-16.28002,0.5,15.99538,0,0,0,1,0,0,0,False,False,-20.53752,0.5,-20.94372,0,0,0,1,0,0,0,False,False,0,0.2,0,4.053439
26.07043,1,-35.65813,0,-0.5398859,0,0.8417382,-47.3013,1,5.709852,0,-0.9979944,0,-0.06330263,-12.8102,0.5,-8.78507,0,0,0,1,0,0,0,False,False,-24.55889,0.5,-23.85386,0,0,0,1,0,0,0,False,False,10.43308,0.5,-7.546801,0,0,0,1,0,0,0,False,False,-16.28002,0.5,15.99538,0,0,0,1,0,0,0,False,False,-20.53752,0.5,-20.94372,0,0,0,1,0,0,0,False,False,0,0.2,0,4.073439
26.07043,1,-35.65813,0,-0.5398859,0,0.8417382,-47.3013,1,5.709852,0,-0.9979944,0,-0.06330262,-12.8102,0.5,-8.78507,0,0,0,1,0,0,0,False,False,-24.55889,0.5,-23.85386,0,0,0,1,0,0,0,False,False,10.43308,0.5,-7.546801,0,0,0,1,0,0,0,False,False,-16.28002,0.5,15.99538,0,0,0,1,0,0,0,False,False,-20.53752,0.5,-20.94372,0,0,0,1,0,0,0,False,False,0,0.2,0,4.093439
26.07043,1,-35.65813,0,-0.5398859,0,0.8417382,-47.3013,1,5.709852,0,-0.9979944,0,-0.06330261,-12.8102,0.5,-8.78507,0,0,0,1,0,0,0,False,False,-24.55889,0.5,-23.85386,0,0,0,1,0,0,0,False,False,10.43308,0.5,-7.546801,0,0,0,1,0,0,0,False,False,-16.28002,0.5,15.99538,0,0,0,1,0,0,0,False,False,-20.53752,0.5,-20.94372,0,0,0,1,0,0,0,False,False,0,0.2,0,4.113439
26.07043,1,-35.65813,0,-0.5398859,0,0.8417382,-47.3013,1,5.709852,0,-0.9979944,0,-0.06330261,-12.8102,0.5,-8.78507,0,0,0,1,0,0,0,False,False,-24.55889,0.5,-23.85386,0,0,0,1,0,0,0,False,False,10.43308,0.5,-7.546801,0,0,0,1,0,0,0,False,False,-16.28002,0.5,15.99538,0,0,0,1,0,0,0,False,False,-20.53752,0.5,-20.94372,0,0,0,1,0,0,0,False,False,0,0.2,0,4.133439
26.07043,1,-35.65813,0,-0.5398859,0,0.8417382,-47.28866,1,5.610654,0,-0.9979944,0,-0.0633026,-12.8102,0.5,-8.78507,0,0,0,1,0,0,0,False,False,-24.55889,0.5,-23.85386,0,0,0,1,0,0,0,False,False,10.43308,0.5,-7.546801,0,0,0,1,0,0,0,False,False,-16.28002,0.5,15.99538,0,0,0,1,0,0,0,False,False,-20.53752,0.5,-20.94372,0,0,0,1,0,0,0,False,False,0,0.2,0,4.153439
26.07043,1,-35.65813,0,-0.5398859,0,0.8417382,-47.27605,1,5.511452,0,-0.9980033,0,-0.06316268,-12.8102,0.5,-8.78507,0,0,0,1,0,0,0,False,False,-24.55889,0.5,-23.85386,0,0,0,1,0,0,0,False,False,10.43308,0.5,-7.546801,0,0,0,1,0,0,0,False,False,-16.28002,0.5,15.99538,0,0,0,1,0,0,0,False,False,-20.53752,0.5,-20.94372,0,0,0,1,0,0,0,False,False,0,0.2,0,4.173439
26.07043,1,-35.65813,0,-0.5398859,0,0.8417382,-47.26349,1,5.412244,0,-0.9980175,0,-0.0629376,-12.8102,0.5,-8.78507,0,0,0,1,0,0,0,False,False,-24.55889,0.5,-23.85386,0,0,0,1,0,0,0,False,False,10.43308,0.5,-7.546801,0,0,0,1,0,0,0,False,False,-16.28002,0.5,15.99538,0,0,0,1,0,0,0,False,False,-20.53752,0.5,-20.94372,0,0,0,1,0,0,0,False,False,0,0.2,0,4.193439
26.07043,1,-35.65813,0,-0.5398859,0,0.8417382,-47.25099,1,5.313029,0,-0.9980356,0,-0.06265143,-12.8102,0.5,-8.78507,0,0,0,1,0,0,0,False,False,-24.55889,0.5,-23.85386,0,0,0,1,0,0,0,False,False,10.43308,0.5,-7.546801,0,0,0,1,0,0,0,False,False,-16.28002,0.5,15.99538,0,0,0,1,0,0,0,False,False,-20.53752,0.5,-20.94372,0,0,0,1,0,0,0,False,False,0,0.2,0,4.213439
26.07043,1,-35.65813,0,-0.5398859,0,0.8417382,-47.23855,1,5.213806,0,-0.9980561,0,-0.0623228,-12.8102,0.5,-8.78507,0,0,0,1,0,0,0,False,False,-24.55889,0.5,-23.85386,0,0,0,1,0,0,0,False,False,10.43308,0.5,-7.546801,0,0,0,1,0,0,0,False,False,-16.28002,0.5,15.99538,0,0,0,1,0,0,0,False,False,-20.53752,0.5,-20.94372,0,0,0,1,0,0,0,False,False,0,0.2,0,4.233439
26.07043,1,-35.65813,0,-0.5398859,0,0.8417382,-47.22618,1,5.114573,0,-0.9980784,0,-0.061965,-12.8102,0.5,-8.78507,0,0,0,1,0,0,0,False,False,-24.55889,0.5,-23.85386,0,0,0,1,0,0,0,False,False,10.43308,0.5,-7.546801,0,0,0,1,0,0,0,False,False,-16.28002,0.5,15.99538,0,0,0,1,0,0,0,False,False,-20.53752,0.5,-20.94372,0,0,0,1,0,0,0,False,False,0,0.2,0,4.253439
26.07043,1,-35.65813,0,-0.5398859,0,0.8417382,-47.21388,1,5.015332,0,-0.9981018,0,-0.06158764,-12.8102,0.5,-8.78507,0,0,0,1,0,0,0,False,False,-24.55889,0.5,-23.85386,0,0,0,1,0,0,0,False,False,10.43308,0.5,-7.546801,0,0,0,1,0,0,0,False,False,-16.28002,0.5,15.99538,0,0,0,1,0,0,0,False,False,-20.53752,0.5,-20.94372,0,0,0,1,0,0,0,False,False,0,0.2,0,4.273439
26.07043,1,-35.65813,0,-0.5398859,0,0.8417382,-47.20167,1,4.916081,0,-0.9981257,0,-0.06119753,-12.8102,0.5,-8.78507,0,0,0,1,0,0,0,False,False,-24.55889,0.5,-23.85386,0,0,0,1,0,0,0,False,False,10.43308,0.5,-7.546801,0,0,0,1,0,0,0,False,False,-16.28002,0.5,15.99538,0,0,0,1,0,0,0,False,False,-20.53752,0.5,-20.94372,0,0,0,1,0,0,0,False,False,0,0.2,0,4.293439
26.07043,1,-35.65813,0,-0.5398859,0,0.8417382,-47.18953,1,4.816821,0,-0.99815,0,-0.06079965,-12.8102,0.5,-8.78507,0,0,0,1,0,0,0,False,False,-24.55889,0.5,-23.85386,0,0,0,1,0,0,0,False,False,10.43308,0.5,-7.546801,0,0,0,1,0,0,0,False,False,-16.28002,0.5,15.99538,0,0,0,1,0,0,0,False,False,-20.53752,0.5,-20.94372,0,0,0,1,0,0,0,False,False,0,0.2,0,4.313439
26.07043,1,-35.65813,0,-0.5398859,0,0.8417382,-47.17747,1,4.71755,0,-0.9981744,0,-0.06039755,-12.8102,0.5,-8.78507,0,0,0,1,0,0,0,False,False,-24.55889,0.5,-23.85386,0,0,0,1,0,0,0,False,False,10.43308,0.5,-7.546801,0,0,0,1,0,0,0,False,False,-16.28002,0.5,15.99538,0,0,0,1,0,0,0,False,False,-20.53752,0.5,-20.94372,0,0,0,1,0,0,0,False,False,0,0.2,0,4.333439
26.07043,1,-35.65813,0,-0.5398859,0,0.8417382,-47.16549,1,4.61827,0,-0.9981988,0,-0.05999378,-12.8102,0.5,-8.78507,0,0,0,1,0,0,0,False,False,-24.55889,0.5,-23.85386,0,0,0,1,0,0,0,False,False,10.43308,0.5,-7.546801,0,0,0,1,0,0,0,False,False,-16.28002,0.5,15.99538,0,0,0,1,0,0,0,False,False,-20.53752,0.5,-20.94372,0,0,0,1,0,0,0,False,False,0,0.2,0,4.353439
26.07043,1,-35.65813,0,-0.5398859,0,0.8417382,-47.15359,1,4.51898,0,-0.998223,0,-0.05959012,-12.8102,0.5,-8.78507,0,0,0,1,0,0,0,False,False,-24.55889,0.5,-23.85386,0,0,0,1,0,0,0,False,False,10.43308,0.5,-7.546801,0,0,0,1,0,0,0,False,False,-16.28002,0.5,15.99538,0,0,0,1,0,0,0,False,False,-20.53752,0.5,-20.94372,0,0,0,1,0,0,0,False,False,0,0.2,0,4.373439
26.07043,1,-35.65813,0,-0.5398859,0,0.8417382,-47.14178,1,4.419681,0,-0.9982468,0,-0.05918787,-12.8102,0.5,-8.78507,0,0,0,1,0,0,0,False,False,-24.55889,0.5,-23.85386,0,0,0,1,0,0,0,False,False,10.43308,0.5,-7.546801,0,0,0,1,0,0,0,False,False,-16.28002,0.5,15.99538,0,0,0,1,0,0,0,False,False,-20.53752,0.5,-20.94372,0,0,0,1,0,0,0,False,False,0,0.2,0,4.393439
26.07043,1,-35.65813,0,-0.5398859,0,0.8417382,-47.13004,1,4.320372,0,-0.9982705,0,-0.05878802,-12.8102,0.5,-8.78507,0,0,0,1,0,0,0,False,False,-24.55889,0.5,-23.85386,0,0,0,1,0,0,0,False,False,10.43308,0.5,-7.546801,0,0,0,1,0,0,0,False,False,-16.28002,0.5,15.99538,0,0,0,1,0,0,0,False,False,-20.53752,0.5,-20.94372,0,0,0,1,0,0,0,False,False,0,0.2,0,4.413439
26.07043,1,-35.65813,0,-0.5398859,0,0.8417382,-47.11838,1,4.221054,0,-0.9982938,0,-0.05839122,-12.8102,0.5,-8.78507,0,0,0,1,0,0,0,False,False,-24.55889,0.5,-23.85386,0,0,0,1,0,0,0,False,False,10.43308,0.5,-7.546801,0,0,0,1,0,0,0,False,False,-16.28002,0.5,15.99538,0,0,0,1,0,0,0,False,False,-20.53752,0.5,-20.94372,0,0,0,1,0,0,0,False,False,0,0.2,0,4.433439
26.07043,1,-35.65813,0,-0.5398859,0,0.8417382,-47.1068,1,4.121727,0,-0.9983168,0,-0.05799806,-12.8102,0.5,-8.78507,0,0,0,1,0,0,0,False,False,-24.55889,0.5,-23.85386,0,0,0,1,0,0,0,False,False,10.43308,0.5,-7.546801,0,0,0,1,0,0,0,False,False,-16.28002,0.5,15.99538,0,0,0,1,0,0,0,False,False,-20.53752,0.5,-20.94372,0,0,0,1,0,0,0,False,False,0,0.2,0,4.453439
26.07043,1,-35.65813,0,-0.5398859,0,0.8417382,-47.0953,1,4.02239,0,-0.9983393,0,-0.0576088,-12.8102,0.5,-8.78507,0,0,0,1,0,0,0,False,False,-24.55889,0.5,-23.85386,0,0,0,1,0,0,0,False,False,10.43308,0.5,-7.546801,0,0,0,1,0,0,0,False,False,-16.28002,0.5,15.99538,0,0,0,1,0,0,0,False,False,-20.53752,0.5,-20.94372,0,0,0,1,0,0,0,False,False,0,0.2,0,4.473439
26.07043,1,-35.65813,0,-0.5398859,0,0.8417382,-47.08387,1,3.923045,0,-0.9983613,0,-0.05722377,-12.8102,0.5,-8.78507,0,0,0,1,0,0,0,False,False,-24.55889,0.5,-23.85386,0,0,0,1,0,0,0,False,False,10.43308,0.5,-7.546801,0,0,0,1,0,0,0,False,False,-16.28002,0.5,15.99538,0,0,0,1,0,0,0,False,False,-20.53752,0.5,-20.94372,0,0,0,1,0,0,0,False,False,0,0.2,0,4.493439
26.07043,1,-35.65813,0,-0.5398859,0,0.8417382,-47.07253,1,3.823692,0,-0.9983831,0,-0.05684317,-12.8102,0.5,-8.78507,0,0,0,1,0,0,0,False,False,-24.55889,0.5,-23.85386,0,0,0,1,0,0,0,False,False,10.43308,0.5,-7.546801,0,0,0,1,0,0,0,False,False,-16.28002,0.5,15.99538,0,0,0,1,0,0,0,False,False,-20.53752,0.5,-20.94372,0,0,0,1,0,0,0,False,False,0,0.2,0,4.513439
26.07043,1,-35.65813,0,-0.5398859,0,0.8417382,-47.06125,1,3.724329,0,-0.9984044,0,-0.05646721,-12.8102,0.5,-8.78507,0,0,0,1,0,0,0,False,False,-24.55889,0.5,-23.85386,0,0,0,1,0,0,0,False,False,10.43308,0.5,-7.546801,0,0,0,1,0,0,0,False,False,-16.28002,0.5,15.99538,0,0,0,1,0,0,0,False,False,-20.53752,0.5,-20.94372,0,0,0,1,0,0,0,False,False,0,0.2,0,4.533439
26.07043,1,-35.65813,0,-0.5398859,0,0.8417382,-47.05005,1,3.624959,0,-0.9984254,0,-0.0560959,-12.8102,0.5,-8.78507,0,0,0,1,0,0,0,False,False,-24.55889,0.5,-23.85386,0,0,0,1,0,0,0,False,False,10.43308,0.5,-7.546801,0,0,0,1,0,0,0,False,False,-16.28002,0.5,15.99538,0,0,0,1,0,0,0,False,False,-20.53752,0.5,-20.94372,0,0,0,1,0,0,0,False,False,0,0.2,0,4.553439
26.07043,1,-35.65813,0,-0.5398859,0,0.8417382,-47.03892,1,3.52558,0,-0.9984459,0,-0.05572943,-12.8102,0.5,-8.78507,0,0,0,1,0,0,0,False,False,-24.55889,0.5,-23.85386,0,0,0,1,0,0,0,False,False,10.43308,0.5,-7.546801,0,0,0,1,0,0,0,False,False,-16.28002,0.5,15.99538,0,0,0,1,0,0,0,False,False,-20.53752,0.5,-20.94372,0,0,0,1,0,0,0,False,False,0,0.2,0,4.573439
26.07043,1,-35.65813,0,-0.5398859,0,0.8417382,-47.02787,1,3.426193,0,-0.9984661,0,-0.05536782,-12.8102,0.5,-8.78507,0,0,0,1,0,0,0,False,False,-24.55889,0.5,-23.85386,0,0,0,1,0,0,0,False,False,10.43308,0.5,-7.546801,0,0,0,1,0,0,0,False,False,-16.28002,0.5,15.99538,0,0,0,1,0,0,0,False,False,-20.53752,0.5,-20.94372,0,0,0,1,0,0,0,False,False,0,0.2,0,4.593439
26.07043,1,-35.65813,0,-0.5398859,0,0.8417382,-47.01688,1,3.326798,0,-0.9984858,0,-0.05501118,-12.8102,0.5,-8.78507,0,0,0,1,0,0,0,False,False,-24.55889,0.5,-23.85386,0,0,0,1,0,0,0,False,False,10.43308,0.5,-7.546801,0,0,0,1,0,0,0,False,False,-16.28002,0.5,15.99538,0,0,0,1,0,0,0,False,False,-20.53752,0.5,-20.94372,0,0,0,1,0,0,0,False,False,0,0.2,0,4.613439
26.07043,1,-35.65813,0,-0.5398859,0,0.8417382,-47.00597,1,3.227396,0,-0.9985051,0,-0.05465952,-12.8102,0.5,-8.78507,0,0,0,1,0,0,0,False,False,-24.55889,0.5,-23.85386,0,0,0,1,0,0,0,False,False,10.43308,0.5,-7.546801,0,0,0,1,0,0,0,False,False,-16.28002,0.5,15.99538,0,0,0,1,0,0,0,False,False,-20.53752,0.5,-20.94372,0,0,0,1,0,0,0,False,False,0,0.2,0,4.633439
26.07043,1,-35.65813,0,-0.5398859,0,0.8417382,-46.99512,1,3.127985,0,-0.998524,0,-0.05431296,-12.8102,0.5,-8.78507,0,0,0,1,0,0,0,False,False,-24.55889,0.5,-23.85386,0,0,0,1,0,0,0,False,False,10.43308,0.5,-7.546801,0,0,0,1,0,0,0,False,False,-16.28002,0.5,15.99538,0,0,0,1,0,0,0,False,False,-20.53752,0.5,-20.94372,0,0,0,1,0,0,0,False,False,0,0.2,0,4.653439
26.07043,1,-35.65813,0,-0.5398859,0,0.8417382,-46.98434,1,3.028568,0,-0.9985425,0,-0.05397154,-12.8102,0.5,-8.78507,0,0,0,1,0,0,0,False,False,-24.55889,0.5,-23.85386,0,0,0,1,0,0,0,False,False,10.43308,0.5,-7.546801,0,0,0,1,0,0,0,False,False,-16.28002,0.5,15.99538,0,0,0,1,0,0,0,False,False,-20.53752,0.5,-20.94372,0,0,0,1,0,0,0,False,False,0,0.2,0,4.673439
26.07043,1,-35.65813,0,-0.5398859,0,0.8417382,-46.97363,1,2.929143,0,-0.9985607,0,-0.05363528,-12.8102,0.5,-8.78507,0,0,0,1,0,0,0,False,False,-24.55889,0.5,-23.85386,0,0,0,1,0,0,0,False,False,10.43308,0.5,-7.546801,0,0,0,1,0,0,0,False,False,-16.28002,0.5,15.99538,0,0,0,1,0,0,0,False,False,-20.53752,0.5,-20.94372,0,0,0,1,0,0,0,False,False,0,0.2,0,4.693439
26.07043,1,-35.65813,0,-0.5398859,0,0.8417382,-46.96298,1,2.829712,0,-0.9985784,0,-0.05330416,-12.8102,0.5,-8.78507,0,0,0,1,0,0,0,False,False,-24.55889,0.5,-23.85386,0,0,0,1,0,0,0,False,False,10.43308,0.5,-7.546801,0,0,0,1,0,0,0,False,False,-16.28002,0.5,15.99538,0,0,0,1,0,0,0,False,False,-20.53752,0.5,-20.94372,0,0,0,1,0,0,0,False,False,0,0.2,0,4.713439
26.07043,1,-35.65813,0,-0.5398859,0,0.8417382,-46.9524,1,2.730273,0,-0.9985957,0,-0.0529783,-12.8102,0.5,-8.78507,0,0,0,1,0,0,0,False,False,-24.55889,0.5,-23.85386,0,0,0,1,0,0,0,False,False,10.43308,0.5,-7.546801,0,0,0,1,0,0,0,False,False,-16.28002,0.5,15.99538,0,0,0,1,0,0,0,False,False,-20.53752,0.5,-20.94372,0,0,0,1,0,0,0,False,False,0,0.2,0,4.733439
26.07043,1,-35.65813,0,-0.5398859,0,0.8417382,-46.94188,1,2.630828,0,-0.9986126,0,-0.05265775,-12.8102,0.5,-8.78507,0,0,0,1,0,0,0,False,False,-24.55889,0.5,-23.85386,0,0,0,1,0,0,0,False,False,10.43308,0.5,-7.546801,0,0,0,1,0,0,0,False,False,-16.28002,0.5,15.99538,0,0,0,1,0,0,0,False,False,-20.53752,0.5,-20.94372,0,0,0,1,0,0,0,False,False,0,0.2,0,4.753439
26.07043,1,-35.65813,0,-0.5398859,0,0.8417382,-46.93143,1,2.531376,0,-0.9986292,0,-0.05234253,-12.8102,0.5,-8.78507,0,0,0,1,0,0,0,False,False,-24.55889,0.5,-23.85386,0,0,0,1,0,0,0,False,False,10.43308,0.5,-7.546801,0,0,0,1,0,0,0,False,False,-16.28002,0.5,15.99538,0,0,0,1,0,0,0,False,False,-20.53752,0.5,-20.94372,0,0,0,1,0,0,0,False,False,0,0.2,0,4.773439
26.07043,1,-35.65813,0,-0.5398859,0,0.8417382,-46.92104,1,2.431917,0,-0.9986454,0,-0.05203269,-12.8102,0.5,-8.78507,0,0,0,1,0,0,0,False,False,-24.55889,0.5,-23.85386,0,0,0,1,0,0,0,False,False,10.43308,0.5,-7.546801,0,0,0,1,0,0,0,False,False,-16.28002,0.5,15.99538,0,0,0,1,0,0,0,False,False,-20.53752,0.5,-20.94372,0,0,0,1,0,0,0,False,False,0,0.2,0,4.793439
26.07043,1,-35.65813,0,-0.5398859,0,0.8417382,-46.91071,1,2.332452,0,-0.9986612,0,-0.0517283,-12.8102,0.5,-8.78507,0,0,0,1,0,0,0,False,False,-24.55889,0.5,-23.85386,0,0,0,1,0,0,0,False,False,10.43308,0.5,-7.546801,0,0,0,1,0,0,0,False,False,-16.28002,0.5,15.99538,0,0,0,1,0,0,0,False,False,-20.53752,0.5,-20.94372,0,0,0,1,0,0,0,False,False,0,0.2,0,4.813439
26.07043,1,-35.65813,0,-0.5398859,0,0.8417382,-46.90044,1,2.232981,0,-0.9986767,0,-0.05142935,-12.8102,0.5,-8.78507,0,0,0,1,0,0,0,False,False,-24.55889,0.5,-23.85386,0,0,0,1,0,0,0,False,False,10.43308,0.5,-7.546801,0,0,0,1,0,0,0,False,False,-16.28002,0.5,15.99538,0,0,0,1,0,0,0,False,False,-20.53752,0.5,-20.94372,0,0,0,1,0,0,0,False,False,0,0.2,0,4.833439
26.07043,1,-35.65813,0,-0.5398859,0,0.8417382,-46.89022,1,2.133504,0,-0.9986917,0,-0.05113588,-12.8102,0.5,-8.78507,0,0,0,1,0,0,0,False,False,-24.55889,0.5,-23.85386,0,0,0,1,0,0,0,False,False,10.43308,0.5,-7.546801,0,0,0,1,0,0,0,False,False,-16.28002,0.5,15.99538,0,0,0,1,0,0,0,False,False,-20.53752,0.5,-20.94372,0,0,0,1,0,0,0,False,False,0,0.2,0,4.853439
26.07043,1,-35.65813,0,-0.5398859,0,0.8417382,-46.88007,1,2.034021,0,-0.9987064,0,-0.05084792,-12.8102,0.5,-8.78507,0,0,0,1,0,0,0,False,False,-24.55889,0.5,-23.85386,0,0,0,1,0,0,0,False,False,10.43308,0.5,-7.546801,0,0,0,1,0,0,0,False,False,-16.28002,0.5,15.99538,0,0,0,1,0,0,0,False,False,-20.53752,0.5,-20.94372,0,0,0,1,0,0,0,False,False,0,0.2,0,4.873439
26.07043,1,-35.65813,0,-0.5398859,0,0.8417382,-46.86997,1,1.934533,0,-0.9987208,0,-0.0505655,-12.8102,0.5,-8.78507,0,0,0,1,0,0,0,False,False,-24.55889,0.5,-23.85386,0,0,0,1,0,0,0,False,False,10.43308,0.5,-7.546801,0,0,0,1,0,0,0,False,False,-16.28002,0.5,15.99538,0,0,0,1,0,0,0,False,False,-20.53752,0.5,-20.94372,0,0,0,1,0,0,0,False,False,0,0.2,0,4.893439
26.07043,1,-35.65813,0,-0.5398859,0,0.8417382,-46.85992,1,1.835039,0,-0.9987347,0,-0.05028862,-12.8102,0.5,-8.78507,0,0,0,1,0,0,0,False,False,-24.55889,0.5,-23.85386,0,0,0,1,0,0,0,False,False,10.43308,0.5,-7.546801,0,0,0,1,0,0,0,False,False,-16.28002,0.5,15.99538,0,0,0,1,0,0,0,False,False,-20.53752,0.5,-20.94372,0,0,0,1,0,0,0,False,False,0,0.2,0,4.913439
26.07043,1,-35.65813,0,-0.5398859,0,0.8417382,-46.84993,1,1.735539,0,-0.9987484,0,-0.05001741,-12.8102,0.5,-8.78507,0,0,0,1,0,0,0,False,False,-24.55889,0.5,-23.85386,0,0,0,1,0,0,0,False,False,10.43308,0.5,-7.546801,0,0,0,1,0,0,0,False,False,-16.28002,0.5,15.99538,0,0,0,1,0,0,0,False,False,-20.53752,0.5,-20.94372,0,0,0,1,0,0,0,False,False,0,0.2,0,4.933439
26.07043,1,-35.65813,0,-0.5398859,0,0.8417382,-46.84,1,1.636034,0,-0.9987616,0,-0.04975184,-12.8102,0.5,-8.78507,0,0,0,1,0,0,0,False,False,-24.55889,0.5,-23.85386,0,0,0,1,0,0,0,False,False,10.43308,0.5,-7.546801,0,0,0,1,0,0,0,False,False,-16.28002,0.5,15.99538,0,0,0,1,0,0,0,False,False,-20.53752,0.5,-20.94372,0,0,0,1,0,0,0,False,False,0,0.2,0,4.953439
26.07043,1,-35.65813,0,-0.5398859,0,0.8417382,-46.83011,1,1.536524,0,-0.9987745,0,-0.04949197,-12.8102,0.5,-8.78507,0,0,0,1,0,0,0,False,False,-24.55889,0.5,-23.85386,0,0,0,1,0,0,0,False,False,10.43308,0.5,-7.546801,0,0,0,1,0,0,0,False,False,-16.28002,0.5,15.99538,0,0,0,1,0,0,0,False,False,-20.53752,0.5,-20.94372,0,0,0,1,0,0,0,False,False,0,0.2,0,4.973439
26.07043,1,-35.65813,0,-0.5398859,0,0.8417382,-46.82027,1,1.437009,0,-0.9987871,0,-0.04923782,-12.8102,0.5,-8.78507,0,0,0,1,0,0,0,False,False,-24.55889,0.5,-23.85386,0,0,0,1,0,0,0,False,False,10.43308,0.5,-7.546801,0,0,0,1,0,0,0,False,False,-16.28002,0.5,15.99538,0,0,0,1,0,0,0,False,False,-20.53752,0.5,-20.94372,0,0,0,1,0,0,0,False,False,0,0.2,0,4.993439
26.07043,1,-35.65813,0,-0.5398859,0,0.8417382,-46.81049,1,1.337489,0,-0.9987993,0,-0.04898942,-12.8102,0.5,-8.78507,0,0,0,1,0,0,0,False,False,-24.55889,0.5,-23.85386,0,0,0,1,0,0,0,False,False,10.43308,0.5,-7.546801,0,0,0,1,0,0,0,False,False,-16.28002,0.5,15.99538,0,0,0,1,0,0,0,False,False,-20.53752,0.5,-20.94372,0,0,0,1,0,0,0,False,False,0,0.2,0,5.013439
26.07043,1,-35.65813,0,-0.5398859,0,0.8417382,-46.80075,1,1.237964,0,-0.9988112,0,-0.0487468,-12.8102,0.5,-8.78507,0,0,0,1,0,0,0,False,False,-24.55889,0.5,-23.85386,0,0,0,1,0,0,0,False,False,10.43308,0.5,-7.546801,0,0,0,1,0,0,0,False,False,-16.28002,0.5,15.99538,0,0,0,1,0,0,0,False,False,-20.53752,0.5,-20.94372,0,0,0,1,0,0,0,False,False,0,0.2,0,5.033439
26.07043,1,-35.65813,0,-0.5398859,0,0.8417382,-46.79106,1,1.138435,0,-0.9988227,0,-0.04851002,-12.8102,0.5,-8.78507,0,0,0,1,0,0,0,False,False,-24.55889,0.5,-23.85386,0,0,0,1,0,0,0,False,False,10.43308,0.5,-7.546801,0,0,0,1,0,0,0,False,False,-16.28002,0.5,15.99538,0,0,0,1,0,0,0,False,False,-20.53752,0.5,-20.94372,0,0,0,1,0,0,0,False,False,0,0.2,0,5.053439
26.07043,1,-35.65813,0,-0.5398859,0,0.8417382,-46.78142,1,1.038901,0,-0.9988339,0,-0.04827909,-12.8102,0.5,-8.78507,0,0,0,1,0,0,0,False,False,-24.55889,0.5,-23.85386,0,0,0,1,0,0,0,False,False,10.43308,0.5,-7.546801,0,0,0,1,0,0,0,False,False,-16.28002,0.5,15.99538,0,0,0,1,0,0,0,False,False,-20.53752,0.5,-20.94372,0,0,0,1,0,0,0,False,False,0,0.2,0,5.073439
26.07043,1,-35.65813,0,-0.5398859,0,0.8417382,-46.77182,1,0.9393626,0,-0.9988447,0,-0.04805409,-12.8102,0.5,-8.78507,0,0,0,1,0,0,0,False,False,-24.55889,0.5,-23.85386,0,0,0,1,0,0,0,False,False,10.43308,0.5,-7.546801,0,0,0,1,0,0,0,False,False,-16.28002,0.5,15.99538,0,0,0,1,0,0,0,False,False,-20.53752,0.5,-20.94372,0,0,0,1,0,0,0,False,False,0,0.2,0,5.093439
26.07043,1,-35.65813,0,-0.5398859,0,0.8417382,-46.76226,1,0.8398202,0,-0.9988553,0,-0.04783496,-12.8102,0.5,-8.78507,0,0,0,1,0,0,0,False,False,-24.55889,0.5,-23.85386,0,0,0,1,0,0,0,False,False,10.43308,0.5,-7.546801,0,0,0,1,0,0,0,False,False,-16.28002,0.5,15.99538,0,0,0,1,0,0,0,False,False,-20.53752,0.5,-20.94372,0,0,0,1,0,0,0,False,False,0,0.2,0,5.113439
26.07043,1,-35.65813,0,-0.5398859,0,0.8417382,-46.75275,1,0.7402738,0,-0.9988655,0,-0.04762182,-12.8102,0.5,-8.78507,0,0,0,1,0,0,0,False,False,-24.55889,0.5,-23.85386,0,0,0,1,0,0,0,False,False,10.43308,0.5,-7.546801,0,0,0,1,0,0,0,False,False,-16.28002,0.5,15.99538,0,0,0,1,0,0,0,False,False,-20.53752,0.5,-20.94372,0,0,0,1,0,0,0,False,False,0,0.2,0,5.133439
26.07043,1,-35.65813,0,-0.5398859,0,0.8417382,-46.74327,1,0.6407233,0,-0.9988754,0,-0.04741461,-12.8102,0.5,-8.78507,0,0,0,1,0,0,0,False,False,-24.55889,0.5,-23.85386,0,0,0,1,0,0,0,False,False,10.43308,0.5,-7.546801,0,0,0,1,0,0,0,False,False,-16.28002,0.5,15.99538,0,0,0,1,0,0,0,False,False,-20.53752,0.5,-20.94372,0,0,0,1,0,0,0,False,False,0,0.2,0,5.153439
26.07043,1,-35.65813,0,-0.5402532,0,0.8415025,-46.73384,1,0.5411692,0,-0.9988848,0,-0.04721342,-12.8102,0.5,-8.78507,0,0,0,1,0,0,0,False,False,-24.55889,0.5,-23.85386,0,0,0,1,0,0,0,False,False,10.43308,0.5,-7.546801,0,0,0,1,0,0,0,False,False,-16.28002,0.5,15.99538,0,0,0,1,0,0,0,False,False,-20.53752,0.5,-20.94372,0,0,0,1,0,0,0,False,False,0,0.2,0,5.173439
26.07043,1,-35.65813,0,-0.5417211,0,0.8405584,-46.72445,1,0.4416113,0,-0.998894,0,-0.04701828,-12.8102,0.5,-8.78507,0,0,0,1,0,0,0,False,False,-24.55889,0.5,-23.85386,0,0,0,1,0,0,0,False,False,10.43308,0.5,-7.546801,0,0,0,1,0,0,0,False,False,-16.28002,0.5,15.99538,0,0,0,1,0,0,0,False,False,-20.53752,0.5,-20.94372,0,0,0,1,0,0,0,False,False,0,0.2,0,5.193439
26.07043,1,-35.65813,0,-0.5417211,0,0.8405584,-46.71509,1,0.3420499,0,-0.9989029,0,-0.04682925,-12.8102,0.5,-8.78507,0,0,0,1,0,0,0,False,False,-24.55889,0.5,-23.85386,0,0,0,1,0,0,0,False,False,10.43308,0.5,-7.546801,0,0,0,1,0,0,0,False,False,-16.28002,0.5,15.99538,0,0,0,1,0,0,0,False,False,-20.53752,0.5,-20.94372,0,0,0,1,0,0,0,False,False,0,0.2,0,5.213439
26.07043,1,-35.65813,0,-0.5417211,0,0.8405584,-46.70577,1,0.2424851,0,-0.9989115,0,-0.04664628,-12.8102,0.5,-8.78507,0,0,0,1,0,0,0,False,False,-24.55889,0.5,-23.85386,0,0,0,1,0,0,0,False,False,10.43308,0.5,-7.546801,0,0,0,1,0,0,0,False,False,-16.28002,0.5,15.99538,0,0,0,1,0,0,0,False,False,-20.53752,0.5,-20.94372,0,0,0,1,0,0,0,False,False,0,0.2,0,5.233439
26.07043,1,-35.65813,0,-0.5417211,0,0.8405584,-46.69649,1,0.1429169,0,-0.9989198,0,-0.04646946,-12.8102,0.5,-8.78507,0,0,0,1,0,0,0,False,False,-24.55889,0.5,-23.85386,0,0,0,1,0,0,0,False,False,10.43308,0.5,-7.546801,0,0,0,1,0,0,0,False,False,-16.28002,0.5,15.99538,0,0,0,1,0,0,0,False,False,-20.53752,0.5,-20.94372,0,0,0,1,0,0,0,False,False,0,0.2,0,5.253439
26.07043,1,-35.65813,0,-0.5417211,0,0.8405584,-46.68724,1,0.04334559,0,-0.9989277,0,-0.04629882,-12.8102,0.5,-8.78507,0,0,0,1,0,0,0,False,False,-24.55889,0.5,-23.85386,0,0,0,1,0,0,0,False,False,10.43308,0.5,-7.546801,0,0,0,1,0,0,0,False,False,-16.28002,0.5,15.99538,0,0,0,1,0,0,0,False,False,-20.53752,0.5,-20.94372,0,0,0,1,0,0,0,False,False,0,0.2,0,5.273439
26.07043,1,-35.65813,0,-0.5417211,0,0.8405584,-46.67802,1,-0.05622872,0,-0.9989352,0,-0.04613438,-12.8102,0.5,-8.78507,0,0,0,1,0,0,0,False,False,-24.55889,0.5,-23.85386,0,0,0,1,0,0,0,False,False,10.43308,0.5,-7.546801,0,0,0,1,0,0,0,False,False,-16.28002,0.5,15.99538,0,0,0,1,0,0,0,False,False,-20.53752,0.5,-20.94372,0,0,0,1,0,0,0,False,False,0,0.2,0,5.293439
26.07043,1,-35.65813,0,-0.5417211,0,0.8405584,-46.66883,1,-0.155806,0,-0.9989426,0,-0.04597611,-12.8102,0.5,-8.78507,0,0,0,1,0,0,0,False,False,-24.55889,0.5,-23.85386,0,0,0,1,0,0,0,False,False,10.43308,0.5,-7.546801,0,0,0,1,0,0,0,False,False,-16.28002,0.5,15.99538,0,0,0,1,0,0,0,False,False,-20.53752,0.5,-20.94372,0,0,0,1,0,0,0,False,False,0,0.2,0,5.313439
26.07043,1,-35.65813,0,-0.5417211,0,0.8405584,-46.65968,1,-0.255386,0,-0.9989495,0,-0.04582411,-12.8102,0.5,-8.78507,0,0,0,1,0,0,0,False,False,-24.55889,0.5,-23.85386,0,0,0,1,0,0,0,False,False,10.43308,0.5,-7.546801,0,0,0,1,0,0,0,False,False,-16.28002,0.5,15.99538,0,0,0,1,0,0,0,False,False,-20.53752,0.5,-20.94372,0,0,0,1,0,0,0,False,False,0,0.2,0,5.333439
26.07043,1,-35.65813,0,-0.5417211,0,0.8405584,-46.65055,1,-0.3549687,0,-0.9989562,0,-0.0456784,-12.8102,0.5,-8.78507,0,0,0,1,0,0,0,False,False,-24.55889,0.5,-23.85386,0,0,0,1,0,0,0,False,False,10.43308,0.5,-7.546801,0,0,0,1,0,0,0,False,False,-16.28002,0.5,15.99538,0,0,0,1,0,0,0,False,False,-20.53752,0.5,-20.94372,0,0,0,1,0,0,0,False,False,0,0.2,0,5.353439
26.07043,1,-35.65813,0,-0.5417211,0,0.8405584,-46.64146,1,-0.4545539,0,-0.9989626,0,-0.04553899,-12.8102,0.5,-8.78507,0,0,0,1,0,0,0,False,False,-24.55889,0.5,-23.85386,0,0,0,1,0,0,0,False,False,10.43308,0.5,-7.546801,0,0,0,1,0,0,0,False,False,-16.28002,0.5,15.99538,0,0,0,1,0,0,0,False,False,-20.53752,0.5,-20.94372,0,0,0,1,0,0,0,False,False,0,0.2,0,5.373439
26.07043,1,-35.65813,0,-0.5417211,0,0.8405584,-46.63239,1,-0.5541416,0,-0.9989687,0,-0.04540589,-12.8102,0.5,-8.78507,0,0,0,1,0,0,0,False,False,-24.55889,0.5,-23.85386,0,0,0,1,0,0,0,False,False,10.43308,0.5,-7.546801,0,0,0,1,0,0,0,False,False,-16.28002,0.5,15.99538,0,0,0,1,0,0,0,False,False,-20.53752,0.5,-20.94372,0,0,0,1,0,0,0,False,False,0,0.2,0,5.393439
26.07043,1,-35.65813,0,-0.5417211,0,0.8405584,-46.62334,1,-0.6537316,0,-0.9989744,0,-0.04527921,-12.8102,0.5,-8.78507,0,0,0,1,0,0,0,False,False,-24.55889,0.5,-23.85386,0,0,0,1,0,0,0,False,False,10.43308,0.5,-7.546801,0,0,0,1,0,0,0,False,False,-16.28002,0.5,15.99538,0,0,0,1,0,0,0,False,False,-20.53752,0.5,-20.94372,0,0,0,1,0,0,0,False,False,0,0.2,0,5.413439
26.07043,1,-35.65813,0,-0.5417211,0,0.8405584,-46.61432,1,-0.7533237,0,-0.9989799,0,-0.04515889,-12.8102,0.5,-8.78507,0,0,0,1,0,0,0,False,False,-24.55889,0.5,-23.85386,0,0,0,1,0,0,0,False,False,10.43308,0.5,-7.546801,0,0,0,1,0,0,0,False,False,-16.28002,0.5,15.99538,0,0,0,1,0,0,0,False,False,-20.53752,0.5,-20.94372,0,0,0,1,0,0,0,False,False,0,0.2,0,5.433439
26.07043,1,-35.65813,0,-0.5417211,0,0.8405584,-46.60532,1,-0.8529179,0,-0.998985,0,-0.04504494,-12.8102,0.5,-8.78507,0,0,0,1,0,0,0,False,False,-24.55889,0.5,-23.85386,0,0,0,1,0,0,0,False,False,10.43308,0.5,-7.546801,0,0,0,1,0,0,0,False,False,-16.28002,0.5,15.99538,0,0,0,1,0,0,0,False,False,-20.53752,0.5,-20.94372,0,0,0,1,0,0,0,False,False,0,0.2,0,5.453439
26.07043,1,-35.65813,0,-0.5417211,0,0.8405584,-46.59634,1,-0.9525141,0,-0.9989898,0,-0.04493745,-12.8102,0.5,-8.78507,0,0,0,1,0,0,0,False,False,-24.55889,0.5,-23.85386,0,0,0,1,0,0,0,False,False,10.43308,0.5,-7.546801,0,0,0,1,0,0,0,False,False,-16.28002,0.5,15.99538,0,0,0,1,0,0,0,False,False,-20.53752,0.5,-20.94372,0,0,0,1,0,0,0,False,False,0,0.2,0,5.473439
26.07043,1,-35.65813,0,-0.5417211,0,0.8405584,-46.58738,1,-1.052112,0,-0.9989944,0,-0.04483642,-12.8102,0.5,-8.78507,0,0,0,1,0,0,0,False,False,-24.55889,0.5,-23.85386,0,0,0,1,0,0,0,False,False,10.43308,0.5,-7.546801,0,0,0,1,0,0,0,False,False,-16.28002,0.5,15.99538,0,0,0,1,0,0,0,False,False,-20.53752,0.5,-20.94372,0,0,0,1,0,0,0,False,False,0,0.2,0,5.493439
26.07043,1,-35.65813,0,-0.5417211,0,0.8405584,-46.57844,1,-1.151712,0,-0.9989986,0,-0.04474193,-12.8102,0.5,-8.78507,0,0,0,1,0,0,0,False,False,-24.55889,0.5,-23.85386,0,0,0,1,0,0,0,False,False,10.43308,0.5,-7.546801,0,0,0,1,0,0,0,False,False,-16.28002,0.5,15.99538,0,0,0,1,0,0,0,False,False,-20.53752,0.5,-20.94372,0,0,0,1,0,0,0,False,False,0,0.2,0,5.513439
26.07043,1,-35.65813,0,-0.5417211,0,0.8405584,-46.56952,1,-1.251313,0,-0.9990025,0,-0.04465392,-12.8102,0.5,-8.78507,0,0,0,1,0,0,0,False,False,-24.55889,0.5,-23.85386,0,0,0,1,0,0,0,False,False,10.43308,0.5,-7.546801,0,0,0,1,0,0,0,False,False,-16.28002,0.5,15.99538,0,0,0,1,0,0,0,False,False,-20.53752,0.5,-20.94372,0,0,0,1,0,0,0,False,False,0,0.2,0,5.533439
26.07043,1,-35.65813,0,-0.5417211,0,0.8405584,-46.56061,1,-1.350915,0,-0.9990062,0,-0.04457247,-12.8102,0.5,-8.78507,0,0,0,1,0,0,0,False,False,-24.55889,0.5,-23.85386,0,0,0,1,0,0,0,False,False,10.43308,0.5,-7.546801,0,0,0,1,0,0,0,False,False,-16.28002,0.5,15.99538,0,0,0,1,0,0,0,False,False,-20.53752,0.5,-20.94372,0,0,0,1,0,0,0,False,False,0,0.2,0,5.553439
26.07043,1,-35.65813,0,-0.5417211,0,0.8405584,-46.55172,1,-1.450519,0,-0.9990095,0,-0.04449753,-12.8102,0.5,-8.78507,0,0,0,1,0,0,0,False,False,-24.55889,0.5,-23.85386,0,0,0,1,0,0,0,False,False,10.43308,0.5,-7.546801,0,0,0,1,0,0,0,False,False,-16.28002,0.5,15.99538,0,0,0,1,0,0,0,False,False,-20.53752,0.5,-20.94372,0,0,0,1,0,0,0,False,False,0,0.2,0,5.573439
26.07043,1,-35.65813,0,-0.5417211,0,0.8405584,-46.54284,1,-1.550125,0,-0.9990126,0,-0.0444292,-12.8102,0.5,-8.78507,0,0,0,1,0,0,0,False,False,-24.55889,0.5,-23.85386,0,0,0,1,0,0,0,False,False,10.43308,0.5,-7.546801,0,0,0,1,0,0,0,False,False,-16.28002,0.5,15.99538,0,0,0,1,0,0,0,False,False,-20.53752,0.5,-20.94372,0,0,0,1,0,0,0,False,False,0,0.2,0,5.593439
26.07043,1,-35.65813,0,-0.5417211,0,0.8405584,-46.53398,1,-1.649731,0,-0.9990153,0,-0.0443675,-12.8102,0.5,-8.78507,0,0,0,1,0,0,0,False,False,-24.55889,0.5,-23.85386,0,0,0,1,0,0,0,False,False,10.43308,0.5,-7.546801,0,0,0,1,0,0,0,False,False,-16.28002,0.5,15.99538,0,0,0,1,0,0,0,False,False,-20.53752,0.5,-20.94372,0,0,0,1,0,0,0,False,False,0,0.2,0,5.613439
26.07043,1,-35.65813,0,-0.5417211,0,0.8405584,-46.52512,1,-1.749338,0,-0.9990178,0,-0.04431241,-12.8102,0.5,-8.78507,0,0,0,1,0,0,0,False,False,-24.55889,0.5,-23.85386,0,0,0,1,0,0,0,False,False,10.43308,0.5,-7.546801,0,0,0,1,0,0,0,False,False,-16.28002,0.5,15.99538,0,0,0,1,0,0,0,False,False,-20.53752,0.5,-20.94372,0,0,0,1,0,0,0,False,False,0,0.2,0,5.633439
26.07043,1,-35.65813,0,-0.5417211,0,0.8405584,-46.51628,1,-1.848946,0,-0.9990199,0,-0.044264,-12.8102,0.5,-8.78507,0,0,0,1,0,0,0,False,False,-24.55889,0.5,-23.85386,0,0,0,1,0,0,0,False,False,10.43308,0.5,-7.546801,0,0,0,1,0,0,0,False,False,-16.28002,0.5,15.99538,0,0,0,1,0,0,0,False,False,-20.53752,0.5,-20.94372,0,0,0,1,0,0,0,False,False,0,0.2,0,5.653439
26.07043,1,-35.65813,0,-0.5417211,0,0.8405584,-46.50745,1,-1.948555,0,-0.9990218,0,-0.04422225,-12.8102,0.5,-8.78507,0,0,0,1,0,0,0,False,False,-24.55889,0.5,-23.85386,0,0,0,1,0,0,0,False,False,10.43308,0.5,-7.546801,0,0,0,1,0,0,0,False,False,-16.28002,0.5,15.99538,0,0,0,1,0,0,0,False,False,-20.53752,0.5,-20.94372,0,0,0,1,0,0,0,False,False,0,0.2,0,5.673439
26.07043,1,-35.65813,0,-0.5417211,0,0.8405584,-46.49862,1,-2.048165,0,-0.9990233,0,-0.04418725,-12.8102,0.5,-8.78507,0,0,0,1,0,0,0,False,False,-24.55889,0.5,-23.85386,0,0,0,1,0,0,0,False,False,10.43308,0.5,-7.546801,0,0,0,1,0,0,0,False,False,-16.28002,0.5,15.99538,0,0,0,1,0,0,0,False,False,-20.53752,0.5,-20.94372,0,0,0,1,0,0,0,False,False,0,0.2,0,5.693439
26.07043,1,-35.65813,0,-0.5417211,0,0.8405584,-46.4898,1,-2.147775,0,-0.9990246,0,-0.04415899,-12.8102,0.5,-8.78507,0,0,0,1,0,0,0,False,False,-24.55889,0.5,-23.85386,0,0,0,1,0,0,0,False,False,10.43308,0.5,-7.546801,0,0,0,1,0,0,0,False,False,-16.28002,0.5,15.99538,0,0,0,1,0,0,0,False,False,-20.53752,0.5,-20.94372,0,0,0,1,0,0,0,False,False,0,0.2,0,5.713439
26.07043,1,-35.65813,0,-0.5417211,0,0.8405584,-46.48098,1,-2.247385,0,-0.9990255,0,-0.0441375,-12.8102,0.5,-8.78507,0,0,0,1,0,0,0,False,False,-24.55889,0.5,-23.85386,0,0,0,1,0,0,0,False,False,10.43308,0.5,-7.546801,0,0,0,1,0,0,0,False,False,-16.28002,0.5,15.99538,0,0,0,1,0,0,0,False,False,-20.53752,0.5,-20.94372,0,0,0,1,0,0,0,False,False,0,0.2,0,5.733439
26.07043,1,-35.65813,0,-0.5417211,0,0.8405584,-46.47216,1,-2.346996,0,-0.9990262,0,-0.04412277,-12.8102,0.5,-8.78507,0,0,0,1,0,0,0,False,False,-24.55889,0.5,-23.85386,0,0,0,1,0,0,0,False,False,10.43308,0.5,-7.546801,0,0,0,1,0,0,0,False,False,-16.28002,0.5,15.99538,0,0,0,1,0,0,0,False,False,-20.53752,0.5,-20.94372,0,0,0,1,0,0,0,False,False,0,0.2,0,5.753439
26.07043,1,-35.65813,0,-0.5417211,0,0.8405584,-46.46334,1,-2.446607,0,-0.9990265,0,-0.04411483,-12.8102,0.5,-8.78507,0,0,0,1,0,0,0,False,False,-24.55889,0.5,-23.85386,0,0,0,1,0,0,0,False,False,10.43308,0.5,-7.546801,0,0,0,1,0,0,0,False,False,-16.28002,0.5,15.99538,0,0,0,1,0,0,0,False,False,-20.53752,0.5,-20.94372,0,0,0,1,0,0,0,False,False,0,0.2,0,5.773439
26.07043,1,-35.65813,0,-0.5417211,0,0.8405584,-46.45453,1,-2.546217,0,-0.9990266,0,-0.04411372,-12.8102,0.5,-8.78507,0,0,0,1,0,0,0,False,False,-24.55889,0.5,-23.85386,0,0,0,1,0,0,0,False,False,10.43308,0.5,-7.546801,0,0,0,1,0,0,0,False,False,-16.28002,0.5,15.99538,0,0,0,1,0,0,0,False,False,-20.53752,0.5,-20.94372,0,0,0,1,0,0,0,False,False,0,0.2,0,5.793439
26.07043,1,-35.65813,0,-0.5417211,0,0.8405584,-46.44571,1,-2.645828,0,-0.9990262,0,-0.0441194,-12.8102,0.5,-8.78507,0,0,0,1,0,0,0,False,False,-24.55889,0.5,-23.85386,0,0,0,1,0,0,0,False,False,10.43308,0.5,-7.546801,0,0,0,1,0,0,0,False,False,-16.28002,0.5,15.99538,0,0,0,1,0,0,0,False,False,-20.53752,0.5,-20.94372,0,0,0,1,0,0,0,False,False,0,0.2,0,5.813439
26.07043,1,-35.65813,0,-0.5417211,0,0.8405584,-46.43689,1,-2.745439,0,-0.9990257,0,-0.04413194,-12.8102,0.5,-8.78507,0,0,0,1,0,0,0,False,False,-24.55889,0.5,-23.85386,0,0,0,1,0,0,0,False,False,10.43308,0.5,-7.546801,0,0,0,1,0,0,0,False,False,-16.28002,0.5,15.99538,0,0,0,1,0,0,0,False,False,-20.53752,0.5,-20.94372,0,0,0,1,0,0,0,False,False,0,0.2,0,5.833439
26.07043,1,-35.65813,0,-0.5417211,0,0.8405584,-46.42807,1,-2.845049,0,-0.9990249,0,-0.04415137,-12.8102,0.5,-8.78507,0,0,0,1,0,0,0,False,False,-24.55889,0.5,-23.85386,0,0,0,1,0,0,0,False,False,10.43308,0.5,-7.546801,0,0,0,1,0,0,0,False,False,-16.28002,0.5,15.99538,0,0,0,1,0,0,0,False,False,-20.53752,0.5,-20.94372,0,0,0,1,0,0,0,False,False,0,0.2,0,5.853439
26.07043,1,-35.65813,0,-0.5417211,0,0.8405584,-46.41924,1,-2.944659,0,-0.9990237,0,-0.04417771,-12.8102,0.5,-8.78507,0,0,0,1,0,0,0,False,False,-24.55889,0.5,-23.85386,0,0,0,1,0,0,0,False,False,10.43308,0.5,-7.546801,0,0,0,1,0,0,0,False,False,-16.28002,0.5,15.99538,0,0,0,1,0,0,0,False,False,-20.53752,0.5,-20.94372,0,0,0,1,0,0,0,False,False,0,0.2,0,5.873439
26.07043,1,-35.65813,0,-0.5417211,0,0.8405584,-46.41041,1,-3.044268,0,-0.9990222,0,-0.04421099,-12.8102,0.5,-8.78507,0,0,0,1,0,0,0,False,False,-24.55889,0.5,-23.85386,0,0,0,1,0,0,0,False,False,10.43308,0.5,-7.546801,0,0,0,1,0,0,0,False,False,-16.28002,0.5,15.99538,0,0,0,1,0,0,0,False,False,-20.53752,0.5,-20.94372,0,0,0,1,0,0,0,False,False,0,0.2,0,5.893439
26.07043,1,-35.65813,0,-0.5417211,0,0.8405584,-46.40157,1,-3.143876,0,-0.9990205,0,-0.0442512,-12.8102,0.5,-8.78507,0,0,0,1,0,0,0,False,False,-24.55889,0.5,-23.85386,0,0,0,1,0,0,0,False,False,10.43308,0.5,-7.546801,0,0,0,1,0,0,0,False,False,-16.28002,0.5,15.99538,0,0,0,1,0,0,0,False,False,-20.53752,0.5,-20.94372,0,0,0,1,0,0,0,False,False,0,0.2,0,5.913439
26.07043,1,-35.65813,0,-0.5417211,0,0.8405584,-46.39272,1,-3.243484,0,-0.9990184,0,-0.0442984,-12.8102,0.5,-8.78507,0,0,0,1,0,0,0,False,False,-24.55889,0.5,-23.85386,0,0,0,1,0,0,0,False,False,10.43308,0.5,-7.546801,0,0,0,1,0,0,0,False,False,-16.28002,0.5,15.99538,0,0,0,1,0,0,0,False,False,-20.53752,0.5,-20.94372,0,0,0,1,0,0,0,False,False,0,0.2,0,5.933439
26.07043,1,-35.65813,0,-0.5417211,0,0.8405584,-46.38385,1,-3.34309,0,-0.999016,0,-0.04435259,-12.8102,0.5,-8.78507,0,0,0,1,0,0,0,False,False,-24.55889,0.5,-23.85386,0,0,0,1,0,0,0,False,False,10.43308,0.5,-7.546801,0,0,0,1,0,0,0,False,False,-16.28002,0.5,15.99538,0,0,0,1,0,0,0,False,False,-20.53752,0.5,-20.94372,0,0,0,1,0,0,0,False,False,0,0.2,0,5.953439
26.07043,1,-35.65813,0,-0.5417211,0,0.8405584,-46.37498,1,-3.442696,0,-0.9990132,0,-0.04441383,-12.8102,0.5,-8.78507,0,0,0,1,0,0,0,False,False,-24.55889,0.5,-23.85386,0,0,0,1,0,0,0,False,False,10.43308,0.5,-7.546801,0,0,0,1,0,0,0,False,False,-16.28002,0.5,15.99538,0,0,0,1,0,0,0,False,False,-20.53752,0.5,-20.94372,0,0,0,1,0,0,0,False,False,0,0.2,0,5.973439
26.07043,1,-35.65813,0,-0.5417211,0,0.8405584,-46.36609,1,-3.5423,0,-0.9990102,0,-0.0444821,-12.8102,0.5,-8.78507,0,0,0,1,0,0,0,False,False,-24.55889,0.5,-23.85386,0,0,0,1,0,0,0,False,False,10.43308,0.5,-7.546801,0,0,0,1,0,0,0,False,False,-16.28002,0.5,15.99538,0,0,0,1,0,0,0,False,False,-20.53752,0.5,-20.94372,0,0,0,1,0,0,0,False,False,0,0.2,0,5.993439
26.07043,1,-35.65813,0,-0.5417211,0,0.8405584,-46.35719,1,-3.641903,0,-0.9990069,0,-0.04455741,-12.8102,0.5,-8.78507,0,0,0,1,0,0,0,False,False,-24.55889,0.5,-23.85386,0,0,0,1,0,0,0,False,False,10.43308,0.5,-7.546801,0,0,0,1,0,0,0,False,False,-16.28002,0.5,15.99538,0,0,0,1,0,0,0,False,False,-20.53752,0.5,-20.94372,0,0,0,1,0,0,0,False,False,0,0.2,0,6.013439
26.07043,1,-35.65813,0,-0.5417211,0,0.8405584,-46.34827,1,-3.741504,0,-0.9990032,0,-0.04463976,-12.8102,0.5,-8.78507,0,0,0,1,0,0,0,False,False,-24.55889,0.5,-23.85386,0,0,0,1,0,0,0,False,False,10.43308,0.5,-7.546801,0,0,0,1,0,0,0,False,False,-16.28002,0.5,15.99538,0,0,0,1,0,0,0,False,False,-20.53752,0.5,-20.94372,0,0,0,1,0,0,0,False,False,0,0.2,0,6.033439
26.07043,1,-35.65813,0,-0.5417211,0,0.8405584,-46.33933,1,-3.841104,0,-0.9989992,0,-0.04472921,-12.8102,0.5,-8.78507,0,0,0,1,0,0,0,False,False,-24.55889,0.5,-23.85386,0,0,0,1,0,0,0,False,False,10.43308,0.5,-7.546801,0,0,0,1,0,0,0,False,False,-16.28002,0.5,15.99538,0,0,0,1,0,0,0,False,False,-20.53752,0.5,-20.94372,0,0,0,1,0,0,0,False,False,0,0.2,0,6.053439
26.07043,1,-35.65813,0,-0.5417211,0,0.8405584,-46.33038,1,-3.940702,0,-0.9989948,0,-0.04482578,-12.8102,0.5,-8.78507,0,0,0,1,0,0,0,False,False,-24.55889,0.5,-23.85386,0,0,0,1,0,0,0,False,False,10.43308,0.5,-7.546801,0,0,0,1,0,0,0,False,False,-16.28002,0.5,15.99538,0,0,0,1,0,0,0,False,False,-20.53752,0.5,-20.94372,0,0,0,1,0,0,0,False,False,0,0.2,0,6.073439
26.07043,1,-35.65813,0,-0.5417211,0,0.8405584,-46.3214,1,-4.040299,0,-0.9989902,0,-0.04492945,-12.8102,0.5,-8.78507,0,0,0,1,0,0,0,False,False,-24.55889,0.5,-23.85386,0,0,0,1,0,0,0,False,False,10.43308,0.5,-7.546801,0,0,0,1,0,0,0,False,False,-16.28002,0.5,15.99538,0,0,0,1,0,0,0,False,False,-20.53752,0.5,-20.94372,0,0,0,1,0,0,0,False,False,0,0.2,0,6.093439
26.07043,1,-35.65813,0,-0.5417211,0,0.8405584,-46.3124,1,-4.139893,0,-0.9989852,0,-0.04504029,-12.8102,0.5,-8.78507,0,0,0,1,0,0,0,False,False,-24.55889,0.5,-23.85386,0,0,0,1,0,0,0,False,False,10.43308,0.5,-7.546801,0,0,0,1,0,0,0,False,False,-16.28002,0.5,15.99538,0,0,0,1,0,0,0,False,False,-20.53752,0.5,-20.94372,0,0,0,1,0,0,0,False,False,0,0.2,0,6.113439
26.07043,1,-35.65813,0,-0.5417211,0,0.8405584,-46.30338,1,-4.239485,0,-0.9989799,0,-0.04515826,-12.8102,0.5,-8.78507,0,0,0,1,0,0,0,False,False,-24.55889,0.5,-23.85386,0,0,0,1,0,0,0,False,False,10.43308,0.5,-7.546801,0,0,0,1,0,0,0,False,False,-16.28002,0.5,15.99538,0,0,0,1,0,0,0,False,False,-20.53752,0.5,-20.94372,0,0,0,1,0,0,0,False,False,0,0.2,0,6.133439
26.07043,1,-35.65813,0,-0.5417211,0,0.8405584,-46.29433,1,-4.339075,0,-0.9989742,0,-0.04528345,-12.8102,0.5,-8.78507,0,0,0,1,0,0,0,False,False,-24.55889,0.5,-23.85386,0,0,0,1,0,0,0,False,False,10.43308,0.5,-7.546801,0,0,0,1,0,0,0,False,False,-16.28002,0.5,15.99538,0,0,0,1,0,0,0,False,False,-20.53752,0.5,-20.94372,0,0,0,1,0,0,0,False,False,0,0.2,0,6.153439
26.07043,1,-35.65813,0,-0.5417211,0,0.8405584,-46.28526,1,-4.438663,0,-0.9989682,0,-0.04541582,-12.8102,0.5,-8.78507,0,0,0,1,0,0,0,False,False,-24.55889,0.5,-23.85386,0,0,0,1,0,0,0,False,False,10.43308,0.5,-7.546801,0,0,0,1,0,0,0,False,False,-16.28002,0.5,15.99538,0,0,0,1,0,0,0,False,False,-20.53752,0.5,-20.94372,0,0,0,1,0,0,0,False,False,0,0.2,0,6.173439
26.07043,1,-35.65813,0,-0.5417211,0,0.8405584,-46.27615,1,-4.538248,0,-0.9989619,0,-0.0455554,-12.8102,0.5,-8.78507,0,0,0,1,0,0,0,False,False,-24.55889,0.5,-23.85386,0,0,0,1,0,0,0,False,False,10.43308,0.5,-7.546801,0,0,0,1,0,0,0,False,False,-16.28002,0.5,15.99538,0,0,0,1,0,0,0,False,False,-20.53752,0.5,-20.94372,0,0,0,1,0,0,0,False,False,0,0.2,0,6.193439
26.07043,1,-35.65813,0,-0.5417211,0,0.8405584,-46.26702,1,-4.63783,0,-0.9989552,0,-0.04570222,-12.8102,0.5,-8.78507,0,0,0,1,0,0,0,False,False,-24.55889,0.5,-23.85386,0,0,0,1,0,0,0,False,False,10.43308,0.5,-7.546801,0,0,0,1,0,0,0,False,False,-16.28002,0.5,15.99538,0,0,0,1,0,0,0,False,False,-20.53752,0.5,-20.94372,0,0,0,1,0,0,0,False,False,0,0.2,0,6.213439
26.07043,1,-35.65813,0,-0.5417211,0,0.8405584,-46.25786,1,-4.737409,0,-0.998948,0,-0.04585629,-12.8102,0.5,-8.78507,0,0,0,1,0,0,0,False,False,-24.55889,0.5,-23.85386,0,0,0,1,0,0,0,False,False,10.43308,0.5,-7.546801,0,0,0,1,0,0,0,False,False,-16.28002,0.5,15.99538,0,0,0,1,0,0,0,False,False,-20.53752,0.5,-20.94372,0,0,0,1,0,0,0,False,False,0,0.2,0,6.233439
26.07043,1,-35.65813,0,-0.5417211,0,0.8405584,-46.24866,1,-4.836986,0,-0.9989406,0,-0.04601758,-12.8102,0.5,-8.78507,0,0,0,1,0,0,0,False,False,-24.55889,0.5,-23.85386,0,0,0,1,0,0,0,False,False,10.43308,0.5,-7.546801,0,0,0,1,0,0,0,False,False,-16.28002,0.5,15.99538,0,0,0,1,0,0,0,False,False,-20.53752,0.5,-20.94372,0,0,0,1,0,0,0,False,False,0,0.2,0,6.253439
26.07043,1,-35.65813,0,-0.5417211,0,0.8405584,-46.23944,1,-4.936559,0,-0.9989329,0,-0.04618623,-12.8102,0.5,-8.78507,0,0,0,1,0,0,0,False,False,-24.55889,0.5,-23.85386,0,0,0,1,0,0,0,False,False,10.43308,0.5,-7.546801,0,0,0,1,0,0,0,False,False,-16.28002,0.5,15.99538,0,0,0,1,0,0,0,False,False,-20.53752,0.5,-20.94372,0,0,0,1,0,0,0,False,False,0,0.2,0,6.273439
